seed,u_nn,u_theory,Y_test
0,"[0.05366335064172745, 0.05144522339105606, 0.04944891482591629, 0.0476522371172905, 0.04603522643446922, 0.04457991570234299, 0.04327014088630676, 0.042091336101293564, 0.04103041812777519, 0.04007558524608612, 0.039216239005327225, 0.03844282776117325, 0.03774675726890564, 0.03712029382586479, 0.03655647858977318, 0.03604904189705849, 0.035592351108789444, 0.035181328654289246, 0.034811411052942276, 0.034478481858968735, 0.03417884558439255, 0.03390917181968689, 0.033666469156742096, 0.03344803303480148, 0.03325144201517105, 0.0330745093524456, 0.03291527181863785, 0.03277195617556572, 0.03264297544956207]","[0.053668420761823654, 0.05145157873630524, 0.04945642128586769, 0.04766077920794487, 0.04604470357298851, 0.04459023475646973, 0.04328121244907379, 0.04210308939218521, 0.04104278236627579, 0.04008850082755089, 0.039229653775691986, 0.03845668584108353, 0.03776101768016815, 0.037134915590286255, 0.03657142445445061, 0.036064282059669495, 0.035607852041721344, 0.035197071731090546, 0.03482736274600029, 0.03449462726712227, 0.03419516235589981, 0.03392564505338669, 0.033683083951473236, 0.03346477448940277, 0.03326829522848129, 0.0330914668738842, 0.03293231874704361, 0.032789088785648346, 0.03266017884016037]","[0.10000000149011612, 0.14000000059604645, 0.17599999904632568, 0.20839999616146088, 0.2375599890947342, 0.26380398869514465, 0.28742358088493347, 0.3086812198162079, 0.3278130888938904, 0.3450317978858948, 0.3605286180973053, 0.37447574734687805, 0.38702818751335144, 0.3983253836631775, 0.4084928333759308, 0.41764354705810547, 0.42587918043136597, 0.4332912564277649, 0.43996211886405945, 0.4459659159183502, 0.4513693153858185, 0.4562323987483978, 0.46060916781425476, 0.464548259973526, 0.4680934250354767, 0.47128409147262573, 0.4741556942462921, 0.47674012184143066, 0.4790661036968231]"
1,"[0.05366711691021919, 0.05145180597901344, 0.049458011984825134, 0.04766359552741051, 0.04604863002896309, 0.0445951484143734, 0.04328702762722969, 0.042109712958335876, 0.04105013608932495, 0.040096502751111984, 0.03923824802041054, 0.03846580907702446, 0.03777061775326729, 0.037144940346479416, 0.036581844091415405, 0.03607504814863205, 0.03561893105506897, 0.03520842641592026, 0.034838974475860596, 0.03450646251440048, 0.03420720994472504, 0.03393787890672684, 0.033695485442876816, 0.03347731754183769, 0.03328097611665726, 0.03310426324605942, 0.03294523060321808, 0.03280210122466087, 0.03267327696084976]","[0.053668420761823654, 0.05145157873630524, 0.04945642128586769, 0.04766077920794487, 0.04604470357298851, 0.04459023475646973, 0.04328121244907379, 0.04210308939218521, 0.04104278236627579, 0.04008850082755089, 0.039229653775691986, 0.03845668584108353, 0.03776101768016815, 0.037134915590286255, 0.03657142445445061, 0.036064282059669495, 0.035607852041721344, 0.035197071731090546, 0.03482736274600029, 0.03449462726712227, 0.03419516235589981, 0.03392564505338669, 0.033683083951473236, 0.03346477448940277, 0.03326829522848129, 0.0330914668738842, 0.03293231874704361, 0.032789088785648346, 0.03266017884016037]","[0.10000000149011612, 0.14000000059604645, 0.17599999904632568, 0.20839999616146088, 0.2375599890947342, 0.26380398869514465, 0.28742358088493347, 0.3086812198162079, 0.3278130888938904, 0.3450317978858948, 0.3605286180973053, 0.37447574734687805, 0.38702818751335144, 0.3983253836631775, 0.4084928333759308, 0.41764354705810547, 0.42587918043136597, 0.4332912564277649, 0.43996211886405945, 0.4459659159183502, 0.4513693153858185, 0.4562323987483978, 0.46060916781425476, 0.464548259973526, 0.4680934250354767, 0.47128409147262573, 0.4741556942462921, 0.47674012184143066, 0.4790661036968231]"
2,"[0.05365942418575287, 0.05144323408603668, 0.0494486540555954, 0.04765351116657257, 0.04603792726993561, 0.04458390176296234, 0.04327525198459625, 0.042097434401512146, 0.04103745520114899, 0.04008345305919647, 0.03922484815120697, 0.038452133536338806, 0.03775663673877716, 0.037130728363990784, 0.03656740486621857, 0.036060407757759094, 0.03560410439968109, 0.03519342839717865, 0.03482384979724884, 0.03449122607707977, 0.034191831946372986, 0.03392238914966583, 0.03367991745471954, 0.03346164524555206, 0.03326521813869476, 0.033088430762290955, 0.032929375767707825, 0.03278617560863495, 0.032657310366630554]","[0.053668420761823654, 0.05145157873630524, 0.04945642128586769, 0.04766077920794487, 0.04604470357298851, 0.04459023475646973, 0.04328121244907379, 0.04210308939218521, 0.04104278236627579, 0.04008850082755089, 0.039229653775691986, 0.03845668584108353, 0.03776101768016815, 0.037134915590286255, 0.03657142445445061, 0.036064282059669495, 0.035607852041721344, 0.035197071731090546, 0.03482736274600029, 0.03449462726712227, 0.03419516235589981, 0.03392564505338669, 0.033683083951473236, 0.03346477448940277, 0.03326829522848129, 0.0330914668738842, 0.03293231874704361, 0.032789088785648346, 0.03266017884016037]","[0.10000000149011612, 0.14000000059604645, 0.17599999904632568, 0.20839999616146088, 0.2375599890947342, 0.26380398869514465, 0.28742358088493347, 0.3086812198162079, 0.3278130888938904, 0.3450317978858948, 0.3605286180973053, 0.37447574734687805, 0.38702818751335144, 0.3983253836631775, 0.4084928333759308, 0.41764354705810547, 0.42587918043136597, 0.4332912564277649, 0.43996211886405945, 0.4459659159183502, 0.4513693153858185, 0.4562323987483978, 0.46060916781425476, 0.464548259973526, 0.4680934250354767, 0.47128409147262573, 0.4741556942462921, 0.47674012184143066, 0.4790661036968231]"
3,"[0.0525599904358387, 0.0525599904358387, 0.0525599904358387, 0.0525599904358387, 0.0525599904358387, 0.0525599904358387, 0.0525599904358387, 0.0525599904358387, 0.0525599904358387, 0.0525599904358387, 0.0525599904358387, 0.0525599904358387, 0.0525599904358387, 0.0525599904358387, 0.0525599904358387, 0.0525599904358387, 0.0525599904358387, 0.0525599904358387, 0.0525599904358387, 0.0525599904358387, 0.0525599904358387, 0.0525599904358387, 0.0525599904358387, 0.0525599904358387, 0.0525599904358387, 0.0525599904358387, 0.0525599904358387, 0.0525599904358387, 0.0525599904358387]","[0.053668420761823654, 0.05145157873630524, 0.04945642128586769, 0.04766077920794487, 0.04604470357298851, 0.04459023475646973, 0.04328121244907379, 0.04210308939218521, 0.04104278236627579, 0.04008850082755089, 0.039229653775691986, 0.03845668584108353, 0.03776101768016815, 0.037134915590286255, 0.03657142445445061, 0.036064282059669495, 0.035607852041721344, 0.035197071731090546, 0.03482736274600029, 0.03449462726712227, 0.03419516235589981, 0.03392564505338669, 0.033683083951473236, 0.03346477448940277, 0.03326829522848129, 0.0330914668738842, 0.03293231874704361, 0.032789088785648346, 0.03266017884016037]","[0.10000000149011612, 0.14000000059604645, 0.17599999904632568, 0.20839999616146088, 0.2375599890947342, 0.26380398869514465, 0.28742358088493347, 0.3086812198162079, 0.3278130888938904, 0.3450317978858948, 0.3605286180973053, 0.37447574734687805, 0.38702818751335144, 0.3983253836631775, 0.4084928333759308, 0.41764354705810547, 0.42587918043136597, 0.4332912564277649, 0.43996211886405945, 0.4459659159183502, 0.4513693153858185, 0.4562323987483978, 0.46060916781425476, 0.464548259973526, 0.4680934250354767, 0.47128409147262573, 0.4741556942462921, 0.47674012184143066, 0.4790661036968231]"
4,"[0.052559997886419296, 0.052559997886419296, 0.052559997886419296, 0.052559997886419296, 0.052559997886419296, 0.052559997886419296, 0.052559997886419296, 0.052559997886419296, 0.052559997886419296, 0.052559997886419296, 0.052559997886419296, 0.052559997886419296, 0.052559997886419296, 0.052559997886419296, 0.052559997886419296, 0.052559997886419296, 0.052559997886419296, 0.052559997886419296, 0.052559997886419296, 0.052559997886419296, 0.052559997886419296, 0.052559997886419296, 0.052559997886419296, 0.052559997886419296, 0.052559997886419296, 0.052559997886419296, 0.052559997886419296, 0.052559997886419296, 0.052559997886419296]","[0.053668420761823654, 0.05145157873630524, 0.04945642128586769, 0.04766077920794487, 0.04604470357298851, 0.04459023475646973, 0.04328121244907379, 0.04210308939218521, 0.04104278236627579, 0.04008850082755089, 0.039229653775691986, 0.03845668584108353, 0.03776101768016815, 0.037134915590286255, 0.03657142445445061, 0.036064282059669495, 0.035607852041721344, 0.035197071731090546, 0.03482736274600029, 0.03449462726712227, 0.03419516235589981, 0.03392564505338669, 0.033683083951473236, 0.03346477448940277, 0.03326829522848129, 0.0330914668738842, 0.03293231874704361, 0.032789088785648346, 0.03266017884016037]","[0.10000000149011612, 0.14000000059604645, 0.17599999904632568, 0.20839999616146088, 0.2375599890947342, 0.26380398869514465, 0.28742358088493347, 0.3086812198162079, 0.3278130888938904, 0.3450317978858948, 0.3605286180973053, 0.37447574734687805, 0.38702818751335144, 0.3983253836631775, 0.4084928333759308, 0.41764354705810547, 0.42587918043136597, 0.4332912564277649, 0.43996211886405945, 0.4459659159183502, 0.4513693153858185, 0.4562323987483978, 0.46060916781425476, 0.464548259973526, 0.4680934250354767, 0.47128409147262573, 0.4741556942462921, 0.47674012184143066, 0.4790661036968231]"
5,"[0.053669869899749756, 0.05145150423049927, 0.04945501685142517, 0.04765814542770386, 0.04604095220565796, 0.04458552598953247, 0.04327559471130371, 0.04209667444229126, 0.04103565216064453, 0.040080726146698, 0.03922128677368164, 0.03844776749610901, 0.03775167465209961, 0.0371251106262207, 0.03656122088432312, 0.036053746938705444, 0.035597026348114014, 0.03518596291542053, 0.03481599688529968, 0.03448301553726196, 0.034183382987976074, 0.03391370177268982, 0.03367093205451965, 0.03345248103141785, 0.03325587511062622, 0.033078938722610474, 0.03291967511177063, 0.0327763557434082, 0.03264734148979187]","[0.053668420761823654, 0.05145157873630524, 0.04945642128586769, 0.04766077920794487, 0.04604470357298851, 0.04459023475646973, 0.04328121244907379, 0.04210308939218521, 0.04104278236627579, 0.04008850082755089, 0.039229653775691986, 0.03845668584108353, 0.03776101768016815, 0.037134915590286255, 0.03657142445445061, 0.036064282059669495, 0.035607852041721344, 0.035197071731090546, 0.03482736274600029, 0.03449462726712227, 0.03419516235589981, 0.03392564505338669, 0.033683083951473236, 0.03346477448940277, 0.03326829522848129, 0.0330914668738842, 0.03293231874704361, 0.032789088785648346, 0.03266017884016037]","[0.10000000149011612, 0.14000000059604645, 0.17599999904632568, 0.20839999616146088, 0.2375599890947342, 0.26380398869514465, 0.28742358088493347, 0.3086812198162079, 0.3278130888938904, 0.3450317978858948, 0.3605286180973053, 0.37447574734687805, 0.38702818751335144, 0.3983253836631775, 0.4084928333759308, 0.41764354705810547, 0.42587918043136597, 0.4332912564277649, 0.43996211886405945, 0.4459659159183502, 0.4513693153858185, 0.4562323987483978, 0.46060916781425476, 0.464548259973526, 0.4680934250354767, 0.47128409147262573, 0.4741556942462921, 0.47674012184143066, 0.4790661036968231]"
6,"[0.05365955829620361, 0.05144336819648743, 0.04944878816604614, 0.04765366017818451, 0.04603804647922516, 0.044583991169929504, 0.04327535629272461, 0.042097583413124084, 0.04103758931159973, 0.04008357226848602, 0.03922496736049652, 0.03845223784446716, 0.03775675594806671, 0.03713086247444153, 0.03656752407550812, 0.036060526967048645, 0.035604238510131836, 0.03519357740879059, 0.03482396900653839, 0.034491315484046936, 0.03419193625450134, 0.03392250835895538, 0.0336800217628479, 0.03346177935600281, 0.033265382051467896, 0.03308859467506409, 0.03292948007583618, 0.03278626501560211, 0.03265738487243652]","[0.053668420761823654, 0.05145157873630524, 0.04945642128586769, 0.04766077920794487, 0.04604470357298851, 0.04459023475646973, 0.04328121244907379, 0.04210308939218521, 0.04104278236627579, 0.04008850082755089, 0.039229653775691986, 0.03845668584108353, 0.03776101768016815, 0.037134915590286255, 0.03657142445445061, 0.036064282059669495, 0.035607852041721344, 0.035197071731090546, 0.03482736274600029, 0.03449462726712227, 0.03419516235589981, 0.03392564505338669, 0.033683083951473236, 0.03346477448940277, 0.03326829522848129, 0.0330914668738842, 0.03293231874704361, 0.032789088785648346, 0.03266017884016037]","[0.10000000149011612, 0.14000000059604645, 0.17599999904632568, 0.20839999616146088, 0.2375599890947342, 0.26380398869514465, 0.28742358088493347, 0.3086812198162079, 0.3278130888938904, 0.3450317978858948, 0.3605286180973053, 0.37447574734687805, 0.38702818751335144, 0.3983253836631775, 0.4084928333759308, 0.41764354705810547, 0.42587918043136597, 0.4332912564277649, 0.43996211886405945, 0.4459659159183502, 0.4513693153858185, 0.4562323987483978, 0.46060916781425476, 0.464548259973526, 0.4680934250354767, 0.47128409147262573, 0.4741556942462921, 0.47674012184143066, 0.4790661036968231]"
7,"[0.05367016792297363, 0.05145181715488434, 0.049455299973487854, 0.04765842854976654, 0.04604126513004303, 0.04458579421043396, 0.04327589273452759, 0.04209695756435394, 0.041035935282707214, 0.04008099436759949, 0.039221569895744324, 0.03844808042049408, 0.03775195777416229, 0.03712540864944458, 0.03656153380870819, 0.036054059863090515, 0.0355973094701767, 0.03518623113632202, 0.034816280007362366, 0.034483328461647034, 0.03418368101119995, 0.033913955092430115, 0.03367123007774353, 0.03345276415348053, 0.0332561731338501, 0.03307920694351196, 0.03291997313499451, 0.0327766090631485, 0.03264763951301575]","[0.053668420761823654, 0.05145157873630524, 0.04945642128586769, 0.04766077920794487, 0.04604470357298851, 0.04459023475646973, 0.04328121244907379, 0.04210308939218521, 0.04104278236627579, 0.04008850082755089, 0.039229653775691986, 0.03845668584108353, 0.03776101768016815, 0.037134915590286255, 0.03657142445445061, 0.036064282059669495, 0.035607852041721344, 0.035197071731090546, 0.03482736274600029, 0.03449462726712227, 0.03419516235589981, 0.03392564505338669, 0.033683083951473236, 0.03346477448940277, 0.03326829522848129, 0.0330914668738842, 0.03293231874704361, 0.032789088785648346, 0.03266017884016037]","[0.10000000149011612, 0.14000000059604645, 0.17599999904632568, 0.20839999616146088, 0.2375599890947342, 0.26380398869514465, 0.28742358088493347, 0.3086812198162079, 0.3278130888938904, 0.3450317978858948, 0.3605286180973053, 0.37447574734687805, 0.38702818751335144, 0.3983253836631775, 0.4084928333759308, 0.41764354705810547, 0.42587918043136597, 0.4332912564277649, 0.43996211886405945, 0.4459659159183502, 0.4513693153858185, 0.4562323987483978, 0.46060916781425476, 0.464548259973526, 0.4680934250354767, 0.47128409147262573, 0.4741556942462921, 0.47674012184143066, 0.4790661036968231]"
8,"[0.053664639592170715, 0.05144922435283661, 0.04945538938045502, 0.04766093194484711, 0.04604588449001312, 0.044592395424842834, 0.043284252285957336, 0.04210685193538666, 0.041047289967536926, 0.040093615651130676, 0.039235323667526245, 0.03846283257007599, 0.03776763379573822, 0.03714194893836975, 0.036578819155693054, 0.036072030663490295, 0.03561587631702423, 0.03520534932613373, 0.03483588993549347, 0.03450338542461395, 0.03420412540435791, 0.033934786915779114, 0.033692359924316406, 0.033474236726760864, 0.03327783942222595, 0.03310112655162811, 0.03294207155704498, 0.03279896080493927, 0.03267012536525726]","[0.053668420761823654, 0.05145157873630524, 0.04945642128586769, 0.04766077920794487, 0.04604470357298851, 0.04459023475646973, 0.04328121244907379, 0.04210308939218521, 0.04104278236627579, 0.04008850082755089, 0.039229653775691986, 0.03845668584108353, 0.03776101768016815, 0.037134915590286255, 0.03657142445445061, 0.036064282059669495, 0.035607852041721344, 0.035197071731090546, 0.03482736274600029, 0.03449462726712227, 0.03419516235589981, 0.03392564505338669, 0.033683083951473236, 0.03346477448940277, 0.03326829522848129, 0.0330914668738842, 0.03293231874704361, 0.032789088785648346, 0.03266017884016037]","[0.10000000149011612, 0.14000000059604645, 0.17599999904632568, 0.20839999616146088, 0.2375599890947342, 0.26380398869514465, 0.28742358088493347, 0.3086812198162079, 0.3278130888938904, 0.3450317978858948, 0.3605286180973053, 0.37447574734687805, 0.38702818751335144, 0.3983253836631775, 0.4084928333759308, 0.41764354705810547, 0.42587918043136597, 0.4332912564277649, 0.43996211886405945, 0.4459659159183502, 0.4513693153858185, 0.4562323987483978, 0.46060916781425476, 0.464548259973526, 0.4680934250354767, 0.47128409147262573, 0.4741556942462921, 0.47674012184143066, 0.4790661036968231]"
9,"[0.05366893112659454, 0.05145061016082764, 0.049454107880592346, 0.047657206654548645, 0.04604005813598633, 0.044584617018699646, 0.043274685740470886, 0.042095765471458435, 0.04103474318981171, 0.04007980227470398, 0.039220377802848816, 0.03844687342643738, 0.03775075078010559, 0.037124231457710266, 0.03656035661697388, 0.03605286777019501, 0.03559611737728119, 0.03518505394458771, 0.03481510281562805, 0.034482136368751526, 0.034182459115982056, 0.0339127779006958, 0.03367003798484802, 0.033451586961746216, 0.03325498104095459, 0.03307804465293884, 0.032918781042099, 0.03277544677257538, 0.032646454870700836]","[0.053668420761823654, 0.05145157873630524, 0.04945642128586769, 0.04766077920794487, 0.04604470357298851, 0.04459023475646973, 0.04328121244907379, 0.04210308939218521, 0.04104278236627579, 0.04008850082755089, 0.039229653775691986, 0.03845668584108353, 0.03776101768016815, 0.037134915590286255, 0.03657142445445061, 0.036064282059669495, 0.035607852041721344, 0.035197071731090546, 0.03482736274600029, 0.03449462726712227, 0.03419516235589981, 0.03392564505338669, 0.033683083951473236, 0.03346477448940277, 0.03326829522848129, 0.0330914668738842, 0.03293231874704361, 0.032789088785648346, 0.03266017884016037]","[0.10000000149011612, 0.14000000059604645, 0.17599999904632568, 0.20839999616146088, 0.2375599890947342, 0.26380398869514465, 0.28742358088493347, 0.3086812198162079, 0.3278130888938904, 0.3450317978858948, 0.3605286180973053, 0.37447574734687805, 0.38702818751335144, 0.3983253836631775, 0.4084928333759308, 0.41764354705810547, 0.42587918043136597, 0.4332912564277649, 0.43996211886405945, 0.4459659159183502, 0.4513693153858185, 0.4562323987483978, 0.46060916781425476, 0.464548259973526, 0.4680934250354767, 0.47128409147262573, 0.4741556942462921, 0.47674012184143066, 0.4790661036968231]"
10,"[0.053667061030864716, 0.05145172029733658, 0.04945793002843857, 0.04766351729631424, 0.046048544347286224, 0.04459506273269653, 0.04328693449497223, 0.042109616100788116, 0.041050024330616, 0.04009640961885452, 0.03923813998699188, 0.0384657084941864, 0.037770502269268036, 0.037144824862480164, 0.036581724882125854, 0.0360749289393425, 0.03561881184577942, 0.03520830720663071, 0.03483884781599045, 0.034506335854530334, 0.03420708328485489, 0.03393775224685669, 0.03369534760713577, 0.03347719460725784, 0.033280856907367706, 0.03310413658618927, 0.032945096492767334, 0.03280196338891983, 0.032673150300979614]","[0.053668420761823654, 0.05145157873630524, 0.04945642128586769, 0.04766077920794487, 0.04604470357298851, 0.04459023475646973, 0.04328121244907379, 0.04210308939218521, 0.04104278236627579, 0.04008850082755089, 0.039229653775691986, 0.03845668584108353, 0.03776101768016815, 0.037134915590286255, 0.03657142445445061, 0.036064282059669495, 0.035607852041721344, 0.035197071731090546, 0.03482736274600029, 0.03449462726712227, 0.03419516235589981, 0.03392564505338669, 0.033683083951473236, 0.03346477448940277, 0.03326829522848129, 0.0330914668738842, 0.03293231874704361, 0.032789088785648346, 0.03266017884016037]","[0.10000000149011612, 0.14000000059604645, 0.17599999904632568, 0.20839999616146088, 0.2375599890947342, 0.26380398869514465, 0.28742358088493347, 0.3086812198162079, 0.3278130888938904, 0.3450317978858948, 0.3605286180973053, 0.37447574734687805, 0.38702818751335144, 0.3983253836631775, 0.4084928333759308, 0.41764354705810547, 0.42587918043136597, 0.4332912564277649, 0.43996211886405945, 0.4459659159183502, 0.4513693153858185, 0.4562323987483978, 0.46060916781425476, 0.464548259973526, 0.4680934250354767, 0.47128409147262573, 0.4741556942462921, 0.47674012184143066, 0.4790661036968231]"
11,"[0.053670912981033325, 0.05145254731178284, 0.04945603013038635, 0.04765918850898743, 0.04604199528694153, 0.04458653926849365, 0.04327660799026489, 0.04209768772125244, 0.04103666543960571, 0.04008173942565918, 0.03922230005264282, 0.03844881057739258, 0.0377526581287384, 0.037126123905181885, 0.03656226396560669, 0.036054790019989014, 0.035598039627075195, 0.035186976194381714, 0.034817010164260864, 0.034484028816223145, 0.03418436646461487, 0.03391468524932861, 0.033671945333480835, 0.03345349431037903, 0.0332568883895874, 0.03307992219924927, 0.03292068839073181, 0.032777339220047, 0.03264835476875305]","[0.053668420761823654, 0.05145157873630524, 0.04945642128586769, 0.04766077920794487, 0.04604470357298851, 0.04459023475646973, 0.04328121244907379, 0.04210308939218521, 0.04104278236627579, 0.04008850082755089, 0.039229653775691986, 0.03845668584108353, 0.03776101768016815, 0.037134915590286255, 0.03657142445445061, 0.036064282059669495, 0.035607852041721344, 0.035197071731090546, 0.03482736274600029, 0.03449462726712227, 0.03419516235589981, 0.03392564505338669, 0.033683083951473236, 0.03346477448940277, 0.03326829522848129, 0.0330914668738842, 0.03293231874704361, 0.032789088785648346, 0.03266017884016037]","[0.10000000149011612, 0.14000000059604645, 0.17599999904632568, 0.20839999616146088, 0.2375599890947342, 0.26380398869514465, 0.28742358088493347, 0.3086812198162079, 0.3278130888938904, 0.3450317978858948, 0.3605286180973053, 0.37447574734687805, 0.38702818751335144, 0.3983253836631775, 0.4084928333759308, 0.41764354705810547, 0.42587918043136597, 0.4332912564277649, 0.43996211886405945, 0.4459659159183502, 0.4513693153858185, 0.4562323987483978, 0.46060916781425476, 0.464548259973526, 0.4680934250354767, 0.47128409147262573, 0.4741556942462921, 0.47674012184143066, 0.4790661036968231]"
12,"[0.05366440862417221, 0.0514470636844635, 0.04945145547389984, 0.04765540361404419, 0.04603896290063858, 0.044584162533283234, 0.04327484220266342, 0.04209645465016365, 0.04103590548038483, 0.040081411600112915, 0.039222367107868195, 0.038449227809906006, 0.0377533994615078, 0.03712715581059456, 0.036563534289598465, 0.0360562801361084, 0.03559974581003189, 0.03518886864185333, 0.03481907770037651, 0.03448626771569252, 0.03418673574924469, 0.03391715884208679, 0.033674538135528564, 0.03345618024468422, 0.03325966000556946, 0.03308279067277908, 0.03292360529303551, 0.03278034180402756, 0.032651402056217194]","[0.053668420761823654, 0.05145157873630524, 0.04945642128586769, 0.04766077920794487, 0.04604470357298851, 0.04459023475646973, 0.04328121244907379, 0.04210308939218521, 0.04104278236627579, 0.04008850082755089, 0.039229653775691986, 0.03845668584108353, 0.03776101768016815, 0.037134915590286255, 0.03657142445445061, 0.036064282059669495, 0.035607852041721344, 0.035197071731090546, 0.03482736274600029, 0.03449462726712227, 0.03419516235589981, 0.03392564505338669, 0.033683083951473236, 0.03346477448940277, 0.03326829522848129, 0.0330914668738842, 0.03293231874704361, 0.032789088785648346, 0.03266017884016037]","[0.10000000149011612, 0.14000000059604645, 0.17599999904632568, 0.20839999616146088, 0.2375599890947342, 0.26380398869514465, 0.28742358088493347, 0.3086812198162079, 0.3278130888938904, 0.3450317978858948, 0.3605286180973053, 0.37447574734687805, 0.38702818751335144, 0.3983253836631775, 0.4084928333759308, 0.41764354705810547, 0.42587918043136597, 0.4332912564277649, 0.43996211886405945, 0.4459659159183502, 0.4513693153858185, 0.4562323987483978, 0.46060916781425476, 0.464548259973526, 0.4680934250354767, 0.47128409147262573, 0.4741556942462921, 0.47674012184143066, 0.4790661036968231]"
13,"[0.05366732180118561, 0.05145201086997986, 0.04945823550224304, 0.04766380786895752, 0.04604886472225189, 0.044595375657081604, 0.04328727722167969, 0.04210995137691498, 0.04105037450790405, 0.040096744894981384, 0.039238497614860535, 0.038466066122055054, 0.03777088224887848, 0.03714519739151001, 0.03658208250999451, 0.03607529401779175, 0.03561919927597046, 0.03520868718624115, 0.03483922779560089, 0.03450673818588257, 0.03420746326446533, 0.03393813967704773, 0.033695727586746216, 0.033477574586868286, 0.03328123688697815, 0.03310452401638031, 0.03294549882411957, 0.03280235826969147, 0.032673537731170654]","[0.053668420761823654, 0.05145157873630524, 0.04945642128586769, 0.04766077920794487, 0.04604470357298851, 0.04459023475646973, 0.04328121244907379, 0.04210308939218521, 0.04104278236627579, 0.04008850082755089, 0.039229653775691986, 0.03845668584108353, 0.03776101768016815, 0.037134915590286255, 0.03657142445445061, 0.036064282059669495, 0.035607852041721344, 0.035197071731090546, 0.03482736274600029, 0.03449462726712227, 0.03419516235589981, 0.03392564505338669, 0.033683083951473236, 0.03346477448940277, 0.03326829522848129, 0.0330914668738842, 0.03293231874704361, 0.032789088785648346, 0.03266017884016037]","[0.10000000149011612, 0.14000000059604645, 0.17599999904632568, 0.20839999616146088, 0.2375599890947342, 0.26380398869514465, 0.28742358088493347, 0.3086812198162079, 0.3278130888938904, 0.3450317978858948, 0.3605286180973053, 0.37447574734687805, 0.38702818751335144, 0.3983253836631775, 0.4084928333759308, 0.41764354705810547, 0.42587918043136597, 0.4332912564277649, 0.43996211886405945, 0.4459659159183502, 0.4513693153858185, 0.4562323987483978, 0.46060916781425476, 0.464548259973526, 0.4680934250354767, 0.47128409147262573, 0.4741556942462921, 0.47674012184143066, 0.4790661036968231]"
14,"[0.053673550486564636, 0.051458001136779785, 0.04946403205394745, 0.047669440507888794, 0.046054333448410034, 0.044600725173950195, 0.043292492628097534, 0.04211506247520447, 0.04105536639690399, 0.04010164737701416, 0.03924331068992615, 0.0384708046913147, 0.03777554631233215, 0.0371498167514801, 0.03658665716648102, 0.03607982397079468, 0.03562366962432861, 0.035213127732276917, 0.034843653440475464, 0.03451111912727356, 0.034211814403533936, 0.033942461013793945, 0.03370003402233124, 0.03348185122013092, 0.033285483717918396, 0.03310877084732056, 0.03294968605041504, 0.032806575298309326, 0.03267773985862732]","[0.053668420761823654, 0.05145157873630524, 0.04945642128586769, 0.04766077920794487, 0.04604470357298851, 0.04459023475646973, 0.04328121244907379, 0.04210308939218521, 0.04104278236627579, 0.04008850082755089, 0.039229653775691986, 0.03845668584108353, 0.03776101768016815, 0.037134915590286255, 0.03657142445445061, 0.036064282059669495, 0.035607852041721344, 0.035197071731090546, 0.03482736274600029, 0.03449462726712227, 0.03419516235589981, 0.03392564505338669, 0.033683083951473236, 0.03346477448940277, 0.03326829522848129, 0.0330914668738842, 0.03293231874704361, 0.032789088785648346, 0.03266017884016037]","[0.10000000149011612, 0.14000000059604645, 0.17599999904632568, 0.20839999616146088, 0.2375599890947342, 0.26380398869514465, 0.28742358088493347, 0.3086812198162079, 0.3278130888938904, 0.3450317978858948, 0.3605286180973053, 0.37447574734687805, 0.38702818751335144, 0.3983253836631775, 0.4084928333759308, 0.41764354705810547, 0.42587918043136597, 0.4332912564277649, 0.43996211886405945, 0.4459659159183502, 0.4513693153858185, 0.4562323987483978, 0.46060916781425476, 0.464548259973526, 0.4680934250354767, 0.47128409147262573, 0.4741556942462921, 0.47674012184143066, 0.4790661036968231]"
15,"[0.05366513133049011, 0.05144663155078888, 0.049449995160102844, 0.047653019428253174, 0.04603573679924011, 0.04458017647266388, 0.04327066242694855, 0.04209436476230621, 0.04103571176528931, 0.040082916617393494, 0.03922539949417114, 0.03845362365245819, 0.03775903582572937, 0.03713390231132507, 0.03657129406929016, 0.036064937710762024, 0.03560921549797058, 0.035199061036109924, 0.03482992947101593, 0.0344976931810379, 0.03419871628284454, 0.03392961621284485, 0.03368742763996124, 0.03346945345401764, 0.033273279666900635, 0.03309673070907593, 0.032937824726104736, 0.03279481828212738, 0.03266611695289612]","[0.053668420761823654, 0.05145157873630524, 0.04945642128586769, 0.04766077920794487, 0.04604470357298851, 0.04459023475646973, 0.04328121244907379, 0.04210308939218521, 0.04104278236627579, 0.04008850082755089, 0.039229653775691986, 0.03845668584108353, 0.03776101768016815, 0.037134915590286255, 0.03657142445445061, 0.036064282059669495, 0.035607852041721344, 0.035197071731090546, 0.03482736274600029, 0.03449462726712227, 0.03419516235589981, 0.03392564505338669, 0.033683083951473236, 0.03346477448940277, 0.03326829522848129, 0.0330914668738842, 0.03293231874704361, 0.032789088785648346, 0.03266017884016037]","[0.10000000149011612, 0.14000000059604645, 0.17599999904632568, 0.20839999616146088, 0.2375599890947342, 0.26380398869514465, 0.28742358088493347, 0.3086812198162079, 0.3278130888938904, 0.3450317978858948, 0.3605286180973053, 0.37447574734687805, 0.38702818751335144, 0.3983253836631775, 0.4084928333759308, 0.41764354705810547, 0.42587918043136597, 0.4332912564277649, 0.43996211886405945, 0.4459659159183502, 0.4513693153858185, 0.4562323987483978, 0.46060916781425476, 0.464548259973526, 0.4680934250354767, 0.47128409147262573, 0.4741556942462921, 0.47674012184143066, 0.4790661036968231]"
16,"[0.05366790294647217, 0.05145256221294403, 0.049458786845207214, 0.047664374113082886, 0.04604940116405487, 0.044595927000045776, 0.04328779876232147, 0.04211048781871796, 0.04105091094970703, 0.04009728133678436, 0.03923901915550232, 0.038466572761535645, 0.03777138888835907, 0.0371457040309906, 0.03658260405063629, 0.03607581555843353, 0.035619691014289856, 0.03520919382572174, 0.03483973443508148, 0.034507229924201965, 0.03420796990394592, 0.033938631415367126, 0.03369623422622681, 0.03347808122634888, 0.03328174352645874, 0.0331050306558609, 0.032945990562438965, 0.032802850008010864, 0.032674044370651245]","[0.053668420761823654, 0.05145157873630524, 0.04945642128586769, 0.04766077920794487, 0.04604470357298851, 0.04459023475646973, 0.04328121244907379, 0.04210308939218521, 0.04104278236627579, 0.04008850082755089, 0.039229653775691986, 0.03845668584108353, 0.03776101768016815, 0.037134915590286255, 0.03657142445445061, 0.036064282059669495, 0.035607852041721344, 0.035197071731090546, 0.03482736274600029, 0.03449462726712227, 0.03419516235589981, 0.03392564505338669, 0.033683083951473236, 0.03346477448940277, 0.03326829522848129, 0.0330914668738842, 0.03293231874704361, 0.032789088785648346, 0.03266017884016037]","[0.10000000149011612, 0.14000000059604645, 0.17599999904632568, 0.20839999616146088, 0.2375599890947342, 0.26380398869514465, 0.28742358088493347, 0.3086812198162079, 0.3278130888938904, 0.3450317978858948, 0.3605286180973053, 0.37447574734687805, 0.38702818751335144, 0.3983253836631775, 0.4084928333759308, 0.41764354705810547, 0.42587918043136597, 0.4332912564277649, 0.43996211886405945, 0.4459659159183502, 0.4513693153858185, 0.4562323987483978, 0.46060916781425476, 0.464548259973526, 0.4680934250354767, 0.47128409147262573, 0.4741556942462921, 0.47674012184143066, 0.4790661036968231]"
17,"[0.05366714298725128, 0.05145181715488434, 0.049458011984825134, 0.04766364395618439, 0.04604865610599518, 0.04459519684314728, 0.04328708350658417, 0.04210977256298065, 0.04105018079280853, 0.04009656608104706, 0.03923828899860382, 0.038465872406959534, 0.03777070343494415, 0.03714500367641449, 0.036581918597221375, 0.036075130105018616, 0.03561900556087494, 0.035208508372306824, 0.034839048981666565, 0.03450654447078705, 0.0342072993516922, 0.0339379757642746, 0.033695563673973083, 0.033477410674095154, 0.03328107297420502, 0.033104345202445984, 0.03294532001018524, 0.03280217945575714, 0.03267337381839752]","[0.053668420761823654, 0.05145157873630524, 0.04945642128586769, 0.04766077920794487, 0.04604470357298851, 0.04459023475646973, 0.04328121244907379, 0.04210308939218521, 0.04104278236627579, 0.04008850082755089, 0.039229653775691986, 0.03845668584108353, 0.03776101768016815, 0.037134915590286255, 0.03657142445445061, 0.036064282059669495, 0.035607852041721344, 0.035197071731090546, 0.03482736274600029, 0.03449462726712227, 0.03419516235589981, 0.03392564505338669, 0.033683083951473236, 0.03346477448940277, 0.03326829522848129, 0.0330914668738842, 0.03293231874704361, 0.032789088785648346, 0.03266017884016037]","[0.10000000149011612, 0.14000000059604645, 0.17599999904632568, 0.20839999616146088, 0.2375599890947342, 0.26380398869514465, 0.28742358088493347, 0.3086812198162079, 0.3278130888938904, 0.3450317978858948, 0.3605286180973053, 0.37447574734687805, 0.38702818751335144, 0.3983253836631775, 0.4084928333759308, 0.41764354705810547, 0.42587918043136597, 0.4332912564277649, 0.43996211886405945, 0.4459659159183502, 0.4513693153858185, 0.4562323987483978, 0.46060916781425476, 0.464548259973526, 0.4680934250354767, 0.47128409147262573, 0.4741556942462921, 0.47674012184143066, 0.4790661036968231]"
18,"[0.05367352068424225, 0.05145789682865143, 0.04946385324001312, 0.0476691871881485, 0.04605402052402496, 0.04460032284259796, 0.04329200088977814, 0.04211454093456268, 0.04105482995510101, 0.04010109603404999, 0.03924266993999481, 0.038470134139060974, 0.03777484595775604, 0.0371491014957428, 0.03658589720726013, 0.0360790491104126, 0.035622864961624146, 0.03521232306957245, 0.03484281897544861, 0.034510284662246704, 0.03421097993850708, 0.0339415967464447, 0.0336991548538208, 0.03348098695278168, 0.03328460454940796, 0.03310786187648773, 0.032948821783065796, 0.0328056663274765, 0.032676830887794495]","[0.053668420761823654, 0.05145157873630524, 0.04945642128586769, 0.04766077920794487, 0.04604470357298851, 0.04459023475646973, 0.04328121244907379, 0.04210308939218521, 0.04104278236627579, 0.04008850082755089, 0.039229653775691986, 0.03845668584108353, 0.03776101768016815, 0.037134915590286255, 0.03657142445445061, 0.036064282059669495, 0.035607852041721344, 0.035197071731090546, 0.03482736274600029, 0.03449462726712227, 0.03419516235589981, 0.03392564505338669, 0.033683083951473236, 0.03346477448940277, 0.03326829522848129, 0.0330914668738842, 0.03293231874704361, 0.032789088785648346, 0.03266017884016037]","[0.10000000149011612, 0.14000000059604645, 0.17599999904632568, 0.20839999616146088, 0.2375599890947342, 0.26380398869514465, 0.28742358088493347, 0.3086812198162079, 0.3278130888938904, 0.3450317978858948, 0.3605286180973053, 0.37447574734687805, 0.38702818751335144, 0.3983253836631775, 0.4084928333759308, 0.41764354705810547, 0.42587918043136597, 0.4332912564277649, 0.43996211886405945, 0.4459659159183502, 0.4513693153858185, 0.4562323987483978, 0.46060916781425476, 0.464548259973526, 0.4680934250354767, 0.47128409147262573, 0.4741556942462921, 0.47674012184143066, 0.4790661036968231]"
19,"[0.053669705986976624, 0.05145132541656494, 0.04945480823516846, 0.04765792191028595, 0.04604072868824005, 0.04458524286746979, 0.04327531158924103, 0.04209639132022858, 0.04103533923625946, 0.04008041322231293, 0.03922097384929657, 0.03844746947288513, 0.03775131702423096, 0.03712478280067444, 0.03656090795993805, 0.036053404211997986, 0.03559666872024536, 0.035185590386390686, 0.034815624356269836, 0.03448265790939331, 0.034182995557785034, 0.033913299441337585, 0.03367055952548981, 0.033452108502388, 0.03325548768043518, 0.03307853639125824, 0.03291928768157959, 0.03277595341205597, 0.03264695405960083]","[0.053668420761823654, 0.05145157873630524, 0.04945642128586769, 0.04766077920794487, 0.04604470357298851, 0.04459023475646973, 0.04328121244907379, 0.04210308939218521, 0.04104278236627579, 0.04008850082755089, 0.039229653775691986, 0.03845668584108353, 0.03776101768016815, 0.037134915590286255, 0.03657142445445061, 0.036064282059669495, 0.035607852041721344, 0.035197071731090546, 0.03482736274600029, 0.03449462726712227, 0.03419516235589981, 0.03392564505338669, 0.033683083951473236, 0.03346477448940277, 0.03326829522848129, 0.0330914668738842, 0.03293231874704361, 0.032789088785648346, 0.03266017884016037]","[0.10000000149011612, 0.14000000059604645, 0.17599999904632568, 0.20839999616146088, 0.2375599890947342, 0.26380398869514465, 0.28742358088493347, 0.3086812198162079, 0.3278130888938904, 0.3450317978858948, 0.3605286180973053, 0.37447574734687805, 0.38702818751335144, 0.3983253836631775, 0.4084928333759308, 0.41764354705810547, 0.42587918043136597, 0.4332912564277649, 0.43996211886405945, 0.4459659159183502, 0.4513693153858185, 0.4562323987483978, 0.46060916781425476, 0.464548259973526, 0.4680934250354767, 0.47128409147262573, 0.4741556942462921, 0.47674012184143066, 0.4790661036968231]"
20,"[0.05366972088813782, 0.05145138502120972, 0.049454838037490845, 0.04765796661376953, 0.04604080319404602, 0.044585347175598145, 0.04327544569969177, 0.04209652543067932, 0.041035473346710205, 0.040080517530441284, 0.039221107959747314, 0.03844761848449707, 0.037751466035842896, 0.03712493181228638, 0.03656107187271118, 0.03605356812477112, 0.03559684753417969, 0.035185784101486206, 0.034815818071365356, 0.03448283672332764, 0.03418317437171936, 0.033913493156433105, 0.03367075324058533, 0.03345230221748352, 0.033255696296691895, 0.03307875990867615, 0.032919496297836304, 0.03277617692947388, 0.032647162675857544]","[0.053668420761823654, 0.05145157873630524, 0.04945642128586769, 0.04766077920794487, 0.04604470357298851, 0.04459023475646973, 0.04328121244907379, 0.04210308939218521, 0.04104278236627579, 0.04008850082755089, 0.039229653775691986, 0.03845668584108353, 0.03776101768016815, 0.037134915590286255, 0.03657142445445061, 0.036064282059669495, 0.035607852041721344, 0.035197071731090546, 0.03482736274600029, 0.03449462726712227, 0.03419516235589981, 0.03392564505338669, 0.033683083951473236, 0.03346477448940277, 0.03326829522848129, 0.0330914668738842, 0.03293231874704361, 0.032789088785648346, 0.03266017884016037]","[0.10000000149011612, 0.14000000059604645, 0.17599999904632568, 0.20839999616146088, 0.2375599890947342, 0.26380398869514465, 0.28742358088493347, 0.3086812198162079, 0.3278130888938904, 0.3450317978858948, 0.3605286180973053, 0.37447574734687805, 0.38702818751335144, 0.3983253836631775, 0.4084928333759308, 0.41764354705810547, 0.42587918043136597, 0.4332912564277649, 0.43996211886405945, 0.4459659159183502, 0.4513693153858185, 0.4562323987483978, 0.46060916781425476, 0.464548259973526, 0.4680934250354767, 0.47128409147262573, 0.4741556942462921, 0.47674012184143066, 0.4790661036968231]"
21,"[0.05366401746869087, 0.051446333527565, 0.04945041239261627, 0.04765409231185913, 0.046037398278713226, 0.04458237439393997, 0.04327285289764404, 0.04209428280591965, 0.04103357344865799, 0.04007893055677414, 0.039219751954078674, 0.038446493446826935, 0.03775056079030037, 0.03712422028183937, 0.03656051307916641, 0.03605318069458008, 0.0355965793132782, 0.035185638815164566, 0.03481579199433327, 0.0344829261302948, 0.03418334946036339, 0.03391373157501221, 0.033671073615550995, 0.033452682197093964, 0.033256132155656815, 0.03307923302054405, 0.032920025289058685, 0.032776739448308945, 0.03264778107404709]","[0.053668420761823654, 0.05145157873630524, 0.04945642128586769, 0.04766077920794487, 0.04604470357298851, 0.04459023475646973, 0.04328121244907379, 0.04210308939218521, 0.04104278236627579, 0.04008850082755089, 0.039229653775691986, 0.03845668584108353, 0.03776101768016815, 0.037134915590286255, 0.03657142445445061, 0.036064282059669495, 0.035607852041721344, 0.035197071731090546, 0.03482736274600029, 0.03449462726712227, 0.03419516235589981, 0.03392564505338669, 0.033683083951473236, 0.03346477448940277, 0.03326829522848129, 0.0330914668738842, 0.03293231874704361, 0.032789088785648346, 0.03266017884016037]","[0.10000000149011612, 0.14000000059604645, 0.17599999904632568, 0.20839999616146088, 0.2375599890947342, 0.26380398869514465, 0.28742358088493347, 0.3086812198162079, 0.3278130888938904, 0.3450317978858948, 0.3605286180973053, 0.37447574734687805, 0.38702818751335144, 0.3983253836631775, 0.4084928333759308, 0.41764354705810547, 0.42587918043136597, 0.4332912564277649, 0.43996211886405945, 0.4459659159183502, 0.4513693153858185, 0.4562323987483978, 0.46060916781425476, 0.464548259973526, 0.4680934250354767, 0.47128409147262573, 0.4741556942462921, 0.47674012184143066, 0.4790661036968231]"
22,"[0.05366675183176994, 0.0514514334499836, 0.049457646906375885, 0.047663234174251556, 0.04604826867580414, 0.044594794511795044, 0.04328667372465134, 0.04210935905575752, 0.0410497784614563, 0.04009615629911423, 0.039237894117832184, 0.0384654626250267, 0.03777026757597923, 0.03714459761977196, 0.03658149391412735, 0.036074697971343994, 0.03561858460307121, 0.0352080836892128, 0.03483863174915314, 0.03450612351298332, 0.03420686721801758, 0.03393753618001938, 0.03369513526558876, 0.033476974815130234, 0.0332806371152401, 0.03310392424464226, 0.03294488787651062, 0.032801754772663116, 0.0326729342341423]","[0.053668420761823654, 0.05145157873630524, 0.04945642128586769, 0.04766077920794487, 0.04604470357298851, 0.04459023475646973, 0.04328121244907379, 0.04210308939218521, 0.04104278236627579, 0.04008850082755089, 0.039229653775691986, 0.03845668584108353, 0.03776101768016815, 0.037134915590286255, 0.03657142445445061, 0.036064282059669495, 0.035607852041721344, 0.035197071731090546, 0.03482736274600029, 0.03449462726712227, 0.03419516235589981, 0.03392564505338669, 0.033683083951473236, 0.03346477448940277, 0.03326829522848129, 0.0330914668738842, 0.03293231874704361, 0.032789088785648346, 0.03266017884016037]","[0.10000000149011612, 0.14000000059604645, 0.17599999904632568, 0.20839999616146088, 0.2375599890947342, 0.26380398869514465, 0.28742358088493347, 0.3086812198162079, 0.3278130888938904, 0.3450317978858948, 0.3605286180973053, 0.37447574734687805, 0.38702818751335144, 0.3983253836631775, 0.4084928333759308, 0.41764354705810547, 0.42587918043136597, 0.4332912564277649, 0.43996211886405945, 0.4459659159183502, 0.4513693153858185, 0.4562323987483978, 0.46060916781425476, 0.464548259973526, 0.4680934250354767, 0.47128409147262573, 0.4741556942462921, 0.47674012184143066, 0.4790661036968231]"
23,"[0.05366894602775574, 0.05145061016082764, 0.049454063177108765, 0.04765719175338745, 0.04603999853134155, 0.04458454251289368, 0.04327461123466492, 0.042095690965652466, 0.04103466868400574, 0.040079742670059204, 0.03922027349472046, 0.038446784019470215, 0.03775066137313843, 0.03712412714958191, 0.036560237407684326, 0.03605273365974426, 0.03559601306915283, 0.03518491983413696, 0.0348149836063385, 0.03448203206062317, 0.034182339906692505, 0.03391265869140625, 0.03366991877555847, 0.033451467752456665, 0.03325483202934265, 0.033077895641326904, 0.03291863203048706, 0.032775312662124634, 0.0326462984085083]","[0.053668420761823654, 0.05145157873630524, 0.04945642128586769, 0.04766077920794487, 0.04604470357298851, 0.04459023475646973, 0.04328121244907379, 0.04210308939218521, 0.04104278236627579, 0.04008850082755089, 0.039229653775691986, 0.03845668584108353, 0.03776101768016815, 0.037134915590286255, 0.03657142445445061, 0.036064282059669495, 0.035607852041721344, 0.035197071731090546, 0.03482736274600029, 0.03449462726712227, 0.03419516235589981, 0.03392564505338669, 0.033683083951473236, 0.03346477448940277, 0.03326829522848129, 0.0330914668738842, 0.03293231874704361, 0.032789088785648346, 0.03266017884016037]","[0.10000000149011612, 0.14000000059604645, 0.17599999904632568, 0.20839999616146088, 0.2375599890947342, 0.26380398869514465, 0.28742358088493347, 0.3086812198162079, 0.3278130888938904, 0.3450317978858948, 0.3605286180973053, 0.37447574734687805, 0.38702818751335144, 0.3983253836631775, 0.4084928333759308, 0.41764354705810547, 0.42587918043136597, 0.4332912564277649, 0.43996211886405945, 0.4459659159183502, 0.4513693153858185, 0.4562323987483978, 0.46060916781425476, 0.464548259973526, 0.4680934250354767, 0.47128409147262573, 0.4741556942462921, 0.47674012184143066, 0.4790661036968231]"
24,"[0.05367019772529602, 0.05145186185836792, 0.049455344676971436, 0.04765850305557251, 0.046041339635849, 0.04458588361740112, 0.04327598214149475, 0.0420970618724823, 0.04103603959083557, 0.040081143379211426, 0.03922170400619507, 0.038448214530944824, 0.03775209188461304, 0.03712555766105652, 0.03656169772148132, 0.03605419397354126, 0.03559747338294983, 0.03518640995025635, 0.0348164439201355, 0.034483492374420166, 0.03418383002281189, 0.033914148807525635, 0.033671408891677856, 0.03345295786857605, 0.033256322145462036, 0.03307938575744629, 0.032920122146606445, 0.03277680277824402, 0.03264781832695007]","[0.053668420761823654, 0.05145157873630524, 0.04945642128586769, 0.04766077920794487, 0.04604470357298851, 0.04459023475646973, 0.04328121244907379, 0.04210308939218521, 0.04104278236627579, 0.04008850082755089, 0.039229653775691986, 0.03845668584108353, 0.03776101768016815, 0.037134915590286255, 0.03657142445445061, 0.036064282059669495, 0.035607852041721344, 0.035197071731090546, 0.03482736274600029, 0.03449462726712227, 0.03419516235589981, 0.03392564505338669, 0.033683083951473236, 0.03346477448940277, 0.03326829522848129, 0.0330914668738842, 0.03293231874704361, 0.032789088785648346, 0.03266017884016037]","[0.10000000149011612, 0.14000000059604645, 0.17599999904632568, 0.20839999616146088, 0.2375599890947342, 0.26380398869514465, 0.28742358088493347, 0.3086812198162079, 0.3278130888938904, 0.3450317978858948, 0.3605286180973053, 0.37447574734687805, 0.38702818751335144, 0.3983253836631775, 0.4084928333759308, 0.41764354705810547, 0.42587918043136597, 0.4332912564277649, 0.43996211886405945, 0.4459659159183502, 0.4513693153858185, 0.4562323987483978, 0.46060916781425476, 0.464548259973526, 0.4680934250354767, 0.47128409147262573, 0.4741556942462921, 0.47674012184143066, 0.4790661036968231]"
25,"[0.05366676300764084, 0.051451437175273895, 0.04945763945579529, 0.04766322672367096, 0.04604824632406235, 0.04459477216005325, 0.04328664392232895, 0.042109325528144836, 0.04104973375797272, 0.040096111595630646, 0.0392378494143486, 0.038465410470962524, 0.037770211696624756, 0.037144534289836884, 0.036581434309482574, 0.03607463836669922, 0.03561852127313614, 0.03520801663398743, 0.034838564693927765, 0.03450605273246765, 0.034206800162792206, 0.03393746167421341, 0.03369505703449249, 0.03347690403461456, 0.03328055888414383, 0.03310384601354599, 0.03294481337070465, 0.03280168026685715, 0.03267285227775574]","[0.053668420761823654, 0.05145157873630524, 0.04945642128586769, 0.04766077920794487, 0.04604470357298851, 0.04459023475646973, 0.04328121244907379, 0.04210308939218521, 0.04104278236627579, 0.04008850082755089, 0.039229653775691986, 0.03845668584108353, 0.03776101768016815, 0.037134915590286255, 0.03657142445445061, 0.036064282059669495, 0.035607852041721344, 0.035197071731090546, 0.03482736274600029, 0.03449462726712227, 0.03419516235589981, 0.03392564505338669, 0.033683083951473236, 0.03346477448940277, 0.03326829522848129, 0.0330914668738842, 0.03293231874704361, 0.032789088785648346, 0.03266017884016037]","[0.10000000149011612, 0.14000000059604645, 0.17599999904632568, 0.20839999616146088, 0.2375599890947342, 0.26380398869514465, 0.28742358088493347, 0.3086812198162079, 0.3278130888938904, 0.3450317978858948, 0.3605286180973053, 0.37447574734687805, 0.38702818751335144, 0.3983253836631775, 0.4084928333759308, 0.41764354705810547, 0.42587918043136597, 0.4332912564277649, 0.43996211886405945, 0.4459659159183502, 0.4513693153858185, 0.4562323987483978, 0.46060916781425476, 0.464548259973526, 0.4680934250354767, 0.47128409147262573, 0.4741556942462921, 0.47674012184143066, 0.4790661036968231]"
26,"[0.05367209017276764, 0.0514538437128067, 0.049457401037216187, 0.04766060411930084, 0.04604348540306091, 0.04458807408809662, 0.04327821731567383, 0.04209934175014496, 0.04103836417198181, 0.040083467960357666, 0.039224058389663696, 0.038450613617897034, 0.03775449097156525, 0.037127986550331116, 0.03656412661075592, 0.03605666756629944, 0.035599932074546814, 0.03518889844417572, 0.034818947315216064, 0.03448599576950073, 0.03418634831905365, 0.0339166522026062, 0.03367394208908081, 0.03345547616481781, 0.03325888514518738, 0.03308193385601044, 0.03292268514633179, 0.03277936577796936, 0.032650381326675415]","[0.053668420761823654, 0.05145157873630524, 0.04945642128586769, 0.04766077920794487, 0.04604470357298851, 0.04459023475646973, 0.04328121244907379, 0.04210308939218521, 0.04104278236627579, 0.04008850082755089, 0.039229653775691986, 0.03845668584108353, 0.03776101768016815, 0.037134915590286255, 0.03657142445445061, 0.036064282059669495, 0.035607852041721344, 0.035197071731090546, 0.03482736274600029, 0.03449462726712227, 0.03419516235589981, 0.03392564505338669, 0.033683083951473236, 0.03346477448940277, 0.03326829522848129, 0.0330914668738842, 0.03293231874704361, 0.032789088785648346, 0.03266017884016037]","[0.10000000149011612, 0.14000000059604645, 0.17599999904632568, 0.20839999616146088, 0.2375599890947342, 0.26380398869514465, 0.28742358088493347, 0.3086812198162079, 0.3278130888938904, 0.3450317978858948, 0.3605286180973053, 0.37447574734687805, 0.38702818751335144, 0.3983253836631775, 0.4084928333759308, 0.41764354705810547, 0.42587918043136597, 0.4332912564277649, 0.43996211886405945, 0.4459659159183502, 0.4513693153858185, 0.4562323987483978, 0.46060916781425476, 0.464548259973526, 0.4680934250354767, 0.47128409147262573, 0.4741556942462921, 0.47674012184143066, 0.4790661036968231]"
27,"[0.05366688594222069, 0.05145157873630524, 0.049457795917987823, 0.04766339436173439, 0.04604843258857727, 0.04459496960043907, 0.043286845088005066, 0.04210953786969185, 0.04104996472597122, 0.04009634256362915, 0.039238087832927704, 0.03846565634012222, 0.03777046501636505, 0.037144795060157776, 0.03658169507980347, 0.03607490658760071, 0.03561878949403763, 0.03520829230546951, 0.034838832914829254, 0.03450632840394974, 0.03420707583427429, 0.03393774479627609, 0.03369534760713577, 0.03347719460725784, 0.03328084945678711, 0.03310414403676987, 0.03294510394334793, 0.03280197083950043, 0.032673150300979614]","[0.053668420761823654, 0.05145157873630524, 0.04945642128586769, 0.04766077920794487, 0.04604470357298851, 0.04459023475646973, 0.04328121244907379, 0.04210308939218521, 0.04104278236627579, 0.04008850082755089, 0.039229653775691986, 0.03845668584108353, 0.03776101768016815, 0.037134915590286255, 0.03657142445445061, 0.036064282059669495, 0.035607852041721344, 0.035197071731090546, 0.03482736274600029, 0.03449462726712227, 0.03419516235589981, 0.03392564505338669, 0.033683083951473236, 0.03346477448940277, 0.03326829522848129, 0.0330914668738842, 0.03293231874704361, 0.032789088785648346, 0.03266017884016037]","[0.10000000149011612, 0.14000000059604645, 0.17599999904632568, 0.20839999616146088, 0.2375599890947342, 0.26380398869514465, 0.28742358088493347, 0.3086812198162079, 0.3278130888938904, 0.3450317978858948, 0.3605286180973053, 0.37447574734687805, 0.38702818751335144, 0.3983253836631775, 0.4084928333759308, 0.41764354705810547, 0.42587918043136597, 0.4332912564277649, 0.43996211886405945, 0.4459659159183502, 0.4513693153858185, 0.4562323987483978, 0.46060916781425476, 0.464548259973526, 0.4680934250354767, 0.47128409147262573, 0.4741556942462921, 0.47674012184143066, 0.4790661036968231]"
28,"[0.053667739033699036, 0.05145241320133209, 0.049458637833595276, 0.04766422510147095, 0.04604925215244293, 0.04459577798843384, 0.043287649750709534, 0.042110368609428406, 0.04105077683925629, 0.04009716212749481, 0.03923889994621277, 0.03846646845340729, 0.03777128458023071, 0.037145599722862244, 0.036582499742507935, 0.036075711250305176, 0.03561960160732269, 0.035209089517593384, 0.03483964502811432, 0.0345071405172348, 0.034207895398139954, 0.03393855690956116, 0.03369615972042084, 0.033477991819381714, 0.03328165411949158, 0.03310494124889374, 0.0329459011554718, 0.032802775502204895, 0.032673969864845276]","[0.053668420761823654, 0.05145157873630524, 0.04945642128586769, 0.04766077920794487, 0.04604470357298851, 0.04459023475646973, 0.04328121244907379, 0.04210308939218521, 0.04104278236627579, 0.04008850082755089, 0.039229653775691986, 0.03845668584108353, 0.03776101768016815, 0.037134915590286255, 0.03657142445445061, 0.036064282059669495, 0.035607852041721344, 0.035197071731090546, 0.03482736274600029, 0.03449462726712227, 0.03419516235589981, 0.03392564505338669, 0.033683083951473236, 0.03346477448940277, 0.03326829522848129, 0.0330914668738842, 0.03293231874704361, 0.032789088785648346, 0.03266017884016037]","[0.10000000149011612, 0.14000000059604645, 0.17599999904632568, 0.20839999616146088, 0.2375599890947342, 0.26380398869514465, 0.28742358088493347, 0.3086812198162079, 0.3278130888938904, 0.3450317978858948, 0.3605286180973053, 0.37447574734687805, 0.38702818751335144, 0.3983253836631775, 0.4084928333759308, 0.41764354705810547, 0.42587918043136597, 0.4332912564277649, 0.43996211886405945, 0.4459659159183502, 0.4513693153858185, 0.4562323987483978, 0.46060916781425476, 0.464548259973526, 0.4680934250354767, 0.47128409147262573, 0.4741556942462921, 0.47674012184143066, 0.4790661036968231]"
29,"[0.05366314947605133, 0.05144496262073517, 0.04944859445095062, 0.04765186458826065, 0.0460348054766655, 0.04457945376634598, 0.04326963424682617, 0.04209079593420029, 0.04102984070777893, 0.04007498174905777, 0.039215609431266785, 0.038442179560661316, 0.037746086716651917, 0.03711959719657898, 0.03655577450990677, 0.03604831546545029, 0.03559160977602005, 0.035180576145648956, 0.03481064736843109, 0.03447771072387695, 0.03417807072401047, 0.033908382058143616, 0.033665671944618225, 0.033447228372097015, 0.03325063735246658, 0.033073700964450836, 0.032914452254772186, 0.03277113288640976, 0.032642148435115814]","[0.053668420761823654, 0.05145157873630524, 0.04945642128586769, 0.04766077920794487, 0.04604470357298851, 0.04459023475646973, 0.04328121244907379, 0.04210308939218521, 0.04104278236627579, 0.04008850082755089, 0.039229653775691986, 0.03845668584108353, 0.03776101768016815, 0.037134915590286255, 0.03657142445445061, 0.036064282059669495, 0.035607852041721344, 0.035197071731090546, 0.03482736274600029, 0.03449462726712227, 0.03419516235589981, 0.03392564505338669, 0.033683083951473236, 0.03346477448940277, 0.03326829522848129, 0.0330914668738842, 0.03293231874704361, 0.032789088785648346, 0.03266017884016037]","[0.10000000149011612, 0.14000000059604645, 0.17599999904632568, 0.20839999616146088, 0.2375599890947342, 0.26380398869514465, 0.28742358088493347, 0.3086812198162079, 0.3278130888938904, 0.3450317978858948, 0.3605286180973053, 0.37447574734687805, 0.38702818751335144, 0.3983253836631775, 0.4084928333759308, 0.41764354705810547, 0.42587918043136597, 0.4332912564277649, 0.43996211886405945, 0.4459659159183502, 0.4513693153858185, 0.4562323987483978, 0.46060916781425476, 0.464548259973526, 0.4680934250354767, 0.47128409147262573, 0.4741556942462921, 0.47674012184143066, 0.4790661036968231]"
30,"[0.05366642773151398, 0.051451101899147034, 0.04945732653141022, 0.047662898898124695, 0.046047940850257874, 0.04459446668624878, 0.04328635334968567, 0.04210904240608215, 0.04104948043823242, 0.040095821022987366, 0.0392376184463501, 0.038465142250061035, 0.037769973278045654, 0.03714427351951599, 0.036581188440322876, 0.03607437014579773, 0.03561830520629883, 0.03520774841308594, 0.03483830392360687, 0.034505829215049744, 0.034206539392471313, 0.03393726050853729, 0.03369481861591339, 0.03347669541835785, 0.033280327916145325, 0.03310362994670868, 0.03294457495212555, 0.03280144929885864, 0.03267262876033783]","[0.053668420761823654, 0.05145157873630524, 0.04945642128586769, 0.04766077920794487, 0.04604470357298851, 0.04459023475646973, 0.04328121244907379, 0.04210308939218521, 0.04104278236627579, 0.04008850082755089, 0.039229653775691986, 0.03845668584108353, 0.03776101768016815, 0.037134915590286255, 0.03657142445445061, 0.036064282059669495, 0.035607852041721344, 0.035197071731090546, 0.03482736274600029, 0.03449462726712227, 0.03419516235589981, 0.03392564505338669, 0.033683083951473236, 0.03346477448940277, 0.03326829522848129, 0.0330914668738842, 0.03293231874704361, 0.032789088785648346, 0.03266017884016037]","[0.10000000149011612, 0.14000000059604645, 0.17599999904632568, 0.20839999616146088, 0.2375599890947342, 0.26380398869514465, 0.28742358088493347, 0.3086812198162079, 0.3278130888938904, 0.3450317978858948, 0.3605286180973053, 0.37447574734687805, 0.38702818751335144, 0.3983253836631775, 0.4084928333759308, 0.41764354705810547, 0.42587918043136597, 0.4332912564277649, 0.43996211886405945, 0.4459659159183502, 0.4513693153858185, 0.4562323987483978, 0.46060916781425476, 0.464548259973526, 0.4680934250354767, 0.47128409147262573, 0.4741556942462921, 0.47674012184143066, 0.4790661036968231]"
31,"[0.052559979259967804, 0.052559979259967804, 0.052559979259967804, 0.052559979259967804, 0.052559979259967804, 0.052559979259967804, 0.052559979259967804, 0.052559979259967804, 0.052559979259967804, 0.052559979259967804, 0.052559979259967804, 0.052559979259967804, 0.052559979259967804, 0.052559979259967804, 0.052559979259967804, 0.052559979259967804, 0.052559979259967804, 0.052559979259967804, 0.052559979259967804, 0.052559979259967804, 0.052559979259967804, 0.052559979259967804, 0.052559979259967804, 0.052559979259967804, 0.052559979259967804, 0.052559979259967804, 0.052559979259967804, 0.052559979259967804, 0.052559979259967804]","[0.053668420761823654, 0.05145157873630524, 0.04945642128586769, 0.04766077920794487, 0.04604470357298851, 0.04459023475646973, 0.04328121244907379, 0.04210308939218521, 0.04104278236627579, 0.04008850082755089, 0.039229653775691986, 0.03845668584108353, 0.03776101768016815, 0.037134915590286255, 0.03657142445445061, 0.036064282059669495, 0.035607852041721344, 0.035197071731090546, 0.03482736274600029, 0.03449462726712227, 0.03419516235589981, 0.03392564505338669, 0.033683083951473236, 0.03346477448940277, 0.03326829522848129, 0.0330914668738842, 0.03293231874704361, 0.032789088785648346, 0.03266017884016037]","[0.10000000149011612, 0.14000000059604645, 0.17599999904632568, 0.20839999616146088, 0.2375599890947342, 0.26380398869514465, 0.28742358088493347, 0.3086812198162079, 0.3278130888938904, 0.3450317978858948, 0.3605286180973053, 0.37447574734687805, 0.38702818751335144, 0.3983253836631775, 0.4084928333759308, 0.41764354705810547, 0.42587918043136597, 0.4332912564277649, 0.43996211886405945, 0.4459659159183502, 0.4513693153858185, 0.4562323987483978, 0.46060916781425476, 0.464548259973526, 0.4680934250354767, 0.47128409147262573, 0.4741556942462921, 0.47674012184143066, 0.4790661036968231]"
32,"[0.05366797745227814, 0.051452651619911194, 0.049458831548690796, 0.04766441881656647, 0.04604944586753845, 0.04459597170352936, 0.043287843465805054, 0.042110517621040344, 0.04105094075202942, 0.04009731113910675, 0.03923904895782471, 0.03846660256385803, 0.03777141869068146, 0.03714573383331299, 0.036582618951797485, 0.03607583045959473, 0.035619720816612244, 0.03520922362804413, 0.034839749336242676, 0.03450724482536316, 0.03420798480510712, 0.033938661217689514, 0.033696249127388, 0.03347808122634888, 0.033281758427619934, 0.033105045557022095, 0.03294600546360016, 0.03280286490917206, 0.032674044370651245]","[0.053668420761823654, 0.05145157873630524, 0.04945642128586769, 0.04766077920794487, 0.04604470357298851, 0.04459023475646973, 0.04328121244907379, 0.04210308939218521, 0.04104278236627579, 0.04008850082755089, 0.039229653775691986, 0.03845668584108353, 0.03776101768016815, 0.037134915590286255, 0.03657142445445061, 0.036064282059669495, 0.035607852041721344, 0.035197071731090546, 0.03482736274600029, 0.03449462726712227, 0.03419516235589981, 0.03392564505338669, 0.033683083951473236, 0.03346477448940277, 0.03326829522848129, 0.0330914668738842, 0.03293231874704361, 0.032789088785648346, 0.03266017884016037]","[0.10000000149011612, 0.14000000059604645, 0.17599999904632568, 0.20839999616146088, 0.2375599890947342, 0.26380398869514465, 0.28742358088493347, 0.3086812198162079, 0.3278130888938904, 0.3450317978858948, 0.3605286180973053, 0.37447574734687805, 0.38702818751335144, 0.3983253836631775, 0.4084928333759308, 0.41764354705810547, 0.42587918043136597, 0.4332912564277649, 0.43996211886405945, 0.4459659159183502, 0.4513693153858185, 0.4562323987483978, 0.46060916781425476, 0.464548259973526, 0.4680934250354767, 0.47128409147262573, 0.4741556942462921, 0.47674012184143066, 0.4790661036968231]"
33,"[0.053669288754463196, 0.05145092308521271, 0.04945439100265503, 0.04765748977661133, 0.04604029655456543, 0.04458482563495636, 0.0432748943567276, 0.042095959186553955, 0.04103492200374603, 0.040079981088638306, 0.03922054171562195, 0.03844703733921051, 0.037750884890556335, 0.03712436556816101, 0.03656047582626343, 0.03605298697948456, 0.03559623658657074, 0.035185158252716064, 0.03481520712375641, 0.03448224067687988, 0.034182578325271606, 0.033912867307662964, 0.03367014229297638, 0.03345167636871338, 0.03325505554676056, 0.03307810425758362, 0.032918840646743774, 0.03277552127838135, 0.03264652192592621]","[0.053668420761823654, 0.05145157873630524, 0.04945642128586769, 0.04766077920794487, 0.04604470357298851, 0.04459023475646973, 0.04328121244907379, 0.04210308939218521, 0.04104278236627579, 0.04008850082755089, 0.039229653775691986, 0.03845668584108353, 0.03776101768016815, 0.037134915590286255, 0.03657142445445061, 0.036064282059669495, 0.035607852041721344, 0.035197071731090546, 0.03482736274600029, 0.03449462726712227, 0.03419516235589981, 0.03392564505338669, 0.033683083951473236, 0.03346477448940277, 0.03326829522848129, 0.0330914668738842, 0.03293231874704361, 0.032789088785648346, 0.03266017884016037]","[0.10000000149011612, 0.14000000059604645, 0.17599999904632568, 0.20839999616146088, 0.2375599890947342, 0.26380398869514465, 0.28742358088493347, 0.3086812198162079, 0.3278130888938904, 0.3450317978858948, 0.3605286180973053, 0.37447574734687805, 0.38702818751335144, 0.3983253836631775, 0.4084928333759308, 0.41764354705810547, 0.42587918043136597, 0.4332912564277649, 0.43996211886405945, 0.4459659159183502, 0.4513693153858185, 0.4562323987483978, 0.46060916781425476, 0.464548259973526, 0.4680934250354767, 0.47128409147262573, 0.4741556942462921, 0.47674012184143066, 0.4790661036968231]"
34,"[0.053671061992645264, 0.05145595967769623, 0.04946236312389374, 0.047668129205703735, 0.046053335070610046, 0.0445999950170517, 0.04329141974449158, 0.04211162030696869, 0.04104979336261749, 0.04009413719177246, 0.03923407196998596, 0.038459986448287964, 0.0377633273601532, 0.03713631629943848, 0.03657202422618866, 0.036064162850379944, 0.03560706973075867, 0.03519570827484131, 0.03482547402381897, 0.03449225425720215, 0.03419235348701477, 0.0339224636554718, 0.0336795449256897, 0.03346092998981476, 0.03326416015625, 0.03308708965778351, 0.032927706837654114, 0.032784268260002136, 0.032655179500579834]","[0.053668420761823654, 0.05145157873630524, 0.04945642128586769, 0.04766077920794487, 0.04604470357298851, 0.04459023475646973, 0.04328121244907379, 0.04210308939218521, 0.04104278236627579, 0.04008850082755089, 0.039229653775691986, 0.03845668584108353, 0.03776101768016815, 0.037134915590286255, 0.03657142445445061, 0.036064282059669495, 0.035607852041721344, 0.035197071731090546, 0.03482736274600029, 0.03449462726712227, 0.03419516235589981, 0.03392564505338669, 0.033683083951473236, 0.03346477448940277, 0.03326829522848129, 0.0330914668738842, 0.03293231874704361, 0.032789088785648346, 0.03266017884016037]","[0.10000000149011612, 0.14000000059604645, 0.17599999904632568, 0.20839999616146088, 0.2375599890947342, 0.26380398869514465, 0.28742358088493347, 0.3086812198162079, 0.3278130888938904, 0.3450317978858948, 0.3605286180973053, 0.37447574734687805, 0.38702818751335144, 0.3983253836631775, 0.4084928333759308, 0.41764354705810547, 0.42587918043136597, 0.4332912564277649, 0.43996211886405945, 0.4459659159183502, 0.4513693153858185, 0.4562323987483978, 0.46060916781425476, 0.464548259973526, 0.4680934250354767, 0.47128409147262573, 0.4741556942462921, 0.47674012184143066, 0.4790661036968231]"
35,"[0.052559979259967804, 0.052559979259967804, 0.052559979259967804, 0.052559979259967804, 0.052559979259967804, 0.052559979259967804, 0.052559979259967804, 0.052559979259967804, 0.052559979259967804, 0.052559979259967804, 0.052559979259967804, 0.052559979259967804, 0.052559979259967804, 0.052559979259967804, 0.052559979259967804, 0.052559979259967804, 0.052559979259967804, 0.052559979259967804, 0.052559979259967804, 0.052559979259967804, 0.052559979259967804, 0.052559979259967804, 0.052559979259967804, 0.052559979259967804, 0.052559979259967804, 0.052559979259967804, 0.052559979259967804, 0.052559979259967804, 0.052559979259967804]","[0.053668420761823654, 0.05145157873630524, 0.04945642128586769, 0.04766077920794487, 0.04604470357298851, 0.04459023475646973, 0.04328121244907379, 0.04210308939218521, 0.04104278236627579, 0.04008850082755089, 0.039229653775691986, 0.03845668584108353, 0.03776101768016815, 0.037134915590286255, 0.03657142445445061, 0.036064282059669495, 0.035607852041721344, 0.035197071731090546, 0.03482736274600029, 0.03449462726712227, 0.03419516235589981, 0.03392564505338669, 0.033683083951473236, 0.03346477448940277, 0.03326829522848129, 0.0330914668738842, 0.03293231874704361, 0.032789088785648346, 0.03266017884016037]","[0.10000000149011612, 0.14000000059604645, 0.17599999904632568, 0.20839999616146088, 0.2375599890947342, 0.26380398869514465, 0.28742358088493347, 0.3086812198162079, 0.3278130888938904, 0.3450317978858948, 0.3605286180973053, 0.37447574734687805, 0.38702818751335144, 0.3983253836631775, 0.4084928333759308, 0.41764354705810547, 0.42587918043136597, 0.4332912564277649, 0.43996211886405945, 0.4459659159183502, 0.4513693153858185, 0.4562323987483978, 0.46060916781425476, 0.464548259973526, 0.4680934250354767, 0.47128409147262573, 0.4741556942462921, 0.47674012184143066, 0.4790661036968231]"
36,"[0.05367538332939148, 0.05145841836929321, 0.04946313798427582, 0.04766738414764404, 0.04605121910572052, 0.044596657156944275, 0.043287575244903564, 0.04210938513278961, 0.04104900360107422, 0.04009468853473663, 0.039235785603523254, 0.03846277296543121, 0.037767067551612854, 0.037140920758247375, 0.03657740354537964, 0.036070242524147034, 0.0356137752532959, 0.03520296514034271, 0.034833237528800964, 0.03450047969818115, 0.034201011061668396, 0.03393147885799408, 0.03368888795375824, 0.03347057104110718, 0.0332740843296051, 0.03309725224971771, 0.032938092947006226, 0.03279484808444977, 0.03266593813896179]","[0.053668420761823654, 0.05145157873630524, 0.04945642128586769, 0.04766077920794487, 0.04604470357298851, 0.04459023475646973, 0.04328121244907379, 0.04210308939218521, 0.04104278236627579, 0.04008850082755089, 0.039229653775691986, 0.03845668584108353, 0.03776101768016815, 0.037134915590286255, 0.03657142445445061, 0.036064282059669495, 0.035607852041721344, 0.035197071731090546, 0.03482736274600029, 0.03449462726712227, 0.03419516235589981, 0.03392564505338669, 0.033683083951473236, 0.03346477448940277, 0.03326829522848129, 0.0330914668738842, 0.03293231874704361, 0.032789088785648346, 0.03266017884016037]","[0.10000000149011612, 0.14000000059604645, 0.17599999904632568, 0.20839999616146088, 0.2375599890947342, 0.26380398869514465, 0.28742358088493347, 0.3086812198162079, 0.3278130888938904, 0.3450317978858948, 0.3605286180973053, 0.37447574734687805, 0.38702818751335144, 0.3983253836631775, 0.4084928333759308, 0.41764354705810547, 0.42587918043136597, 0.4332912564277649, 0.43996211886405945, 0.4459659159183502, 0.4513693153858185, 0.4562323987483978, 0.46060916781425476, 0.464548259973526, 0.4680934250354767, 0.47128409147262573, 0.4741556942462921, 0.47674012184143066, 0.4790661036968231]"
37,"[0.05366704240441322, 0.05145172029733658, 0.049457937479019165, 0.047663524746894836, 0.04604855924844742, 0.04459508880972862, 0.04328696429729462, 0.0421096533536911, 0.04105007275938988, 0.040096450597047806, 0.03923818841576576, 0.03846575692296028, 0.03777056559920311, 0.037144891917705536, 0.03658178821206093, 0.03607499599456787, 0.03561887890100479, 0.03520837426185608, 0.03483892232179642, 0.0345064178109169, 0.03420716151595116, 0.03393782675266266, 0.03369542956352234, 0.03347727283835411, 0.03328092768788338, 0.033104222267866135, 0.0329451821744442, 0.032802049070596695, 0.03267322853207588]","[0.053668420761823654, 0.05145157873630524, 0.04945642128586769, 0.04766077920794487, 0.04604470357298851, 0.04459023475646973, 0.04328121244907379, 0.04210308939218521, 0.04104278236627579, 0.04008850082755089, 0.039229653775691986, 0.03845668584108353, 0.03776101768016815, 0.037134915590286255, 0.03657142445445061, 0.036064282059669495, 0.035607852041721344, 0.035197071731090546, 0.03482736274600029, 0.03449462726712227, 0.03419516235589981, 0.03392564505338669, 0.033683083951473236, 0.03346477448940277, 0.03326829522848129, 0.0330914668738842, 0.03293231874704361, 0.032789088785648346, 0.03266017884016037]","[0.10000000149011612, 0.14000000059604645, 0.17599999904632568, 0.20839999616146088, 0.2375599890947342, 0.26380398869514465, 0.28742358088493347, 0.3086812198162079, 0.3278130888938904, 0.3450317978858948, 0.3605286180973053, 0.37447574734687805, 0.38702818751335144, 0.3983253836631775, 0.4084928333759308, 0.41764354705810547, 0.42587918043136597, 0.4332912564277649, 0.43996211886405945, 0.4459659159183502, 0.4513693153858185, 0.4562323987483978, 0.46060916781425476, 0.464548259973526, 0.4680934250354767, 0.47128409147262573, 0.4741556942462921, 0.47674012184143066, 0.4790661036968231]"
38,"[0.053669415414333344, 0.05145104229450226, 0.04945450276136398, 0.04765762388706207, 0.046040430665016174, 0.044584959745407104, 0.043275028467178345, 0.0420960932970047, 0.04103505611419678, 0.04008011519908905, 0.03922067582607269, 0.038447171449661255, 0.03775102645158768, 0.03712449222803116, 0.03656060993671417, 0.0360531210899353, 0.03559637814760208, 0.035185307264328, 0.03481534868478775, 0.034482382237911224, 0.034182704985141754, 0.033913008868694305, 0.033670276403427124, 0.03345181792974472, 0.0332552045583725, 0.03307825326919556, 0.03291899710893631, 0.03277566283941269, 0.03264666348695755]","[0.053668420761823654, 0.05145157873630524, 0.04945642128586769, 0.04766077920794487, 0.04604470357298851, 0.04459023475646973, 0.04328121244907379, 0.04210308939218521, 0.04104278236627579, 0.04008850082755089, 0.039229653775691986, 0.03845668584108353, 0.03776101768016815, 0.037134915590286255, 0.03657142445445061, 0.036064282059669495, 0.035607852041721344, 0.035197071731090546, 0.03482736274600029, 0.03449462726712227, 0.03419516235589981, 0.03392564505338669, 0.033683083951473236, 0.03346477448940277, 0.03326829522848129, 0.0330914668738842, 0.03293231874704361, 0.032789088785648346, 0.03266017884016037]","[0.10000000149011612, 0.14000000059604645, 0.17599999904632568, 0.20839999616146088, 0.2375599890947342, 0.26380398869514465, 0.28742358088493347, 0.3086812198162079, 0.3278130888938904, 0.3450317978858948, 0.3605286180973053, 0.37447574734687805, 0.38702818751335144, 0.3983253836631775, 0.4084928333759308, 0.41764354705810547, 0.42587918043136597, 0.4332912564277649, 0.43996211886405945, 0.4459659159183502, 0.4513693153858185, 0.4562323987483978, 0.46060916781425476, 0.464548259973526, 0.4680934250354767, 0.47128409147262573, 0.4741556942462921, 0.47674012184143066, 0.4790661036968231]"
39,"[0.05366695672273636, 0.05145163834095001, 0.0494578555226326, 0.04766345024108887, 0.04604848474264145, 0.04459501802921295, 0.043286897242069244, 0.04210958629846573, 0.0410500094294548, 0.04009638726711273, 0.039238132536411285, 0.038465701043605804, 0.03777050971984863, 0.03714483976364136, 0.03658173978328705, 0.03607494384050369, 0.03561882674694061, 0.0352083221077919, 0.034838877618312836, 0.03450637310743332, 0.03420711308717728, 0.03393778204917908, 0.03369537740945816, 0.03347722440958023, 0.033280886709690094, 0.03310418128967285, 0.03294513374567032, 0.032802000641822815, 0.0326731875538826]","[0.053668420761823654, 0.05145157873630524, 0.04945642128586769, 0.04766077920794487, 0.04604470357298851, 0.04459023475646973, 0.04328121244907379, 0.04210308939218521, 0.04104278236627579, 0.04008850082755089, 0.039229653775691986, 0.03845668584108353, 0.03776101768016815, 0.037134915590286255, 0.03657142445445061, 0.036064282059669495, 0.035607852041721344, 0.035197071731090546, 0.03482736274600029, 0.03449462726712227, 0.03419516235589981, 0.03392564505338669, 0.033683083951473236, 0.03346477448940277, 0.03326829522848129, 0.0330914668738842, 0.03293231874704361, 0.032789088785648346, 0.03266017884016037]","[0.10000000149011612, 0.14000000059604645, 0.17599999904632568, 0.20839999616146088, 0.2375599890947342, 0.26380398869514465, 0.28742358088493347, 0.3086812198162079, 0.3278130888938904, 0.3450317978858948, 0.3605286180973053, 0.37447574734687805, 0.38702818751335144, 0.3983253836631775, 0.4084928333759308, 0.41764354705810547, 0.42587918043136597, 0.4332912564277649, 0.43996211886405945, 0.4459659159183502, 0.4513693153858185, 0.4562323987483978, 0.46060916781425476, 0.464548259973526, 0.4680934250354767, 0.47128409147262573, 0.4741556942462921, 0.47674012184143066, 0.4790661036968231]"
40,"[0.05366644263267517, 0.05145111680030823, 0.04945731163024902, 0.0476628839969635, 0.04604789614677429, 0.04459443688392639, 0.043286293745040894, 0.04210898280143738, 0.041049420833587646, 0.040095746517181396, 0.03923749923706055, 0.03846505284309387, 0.03776988387107849, 0.03714418411254883, 0.03658109903335571, 0.036074280738830566, 0.03561815619468689, 0.03520762920379639, 0.03483821451663971, 0.03450571000576019, 0.03420642018318176, 0.03393709659576416, 0.03369466960430145, 0.033476561307907104, 0.033280178904533386, 0.03310348093509674, 0.032944455742836, 0.032801300287246704, 0.032672494649887085]","[0.053668420761823654, 0.05145157873630524, 0.04945642128586769, 0.04766077920794487, 0.04604470357298851, 0.04459023475646973, 0.04328121244907379, 0.04210308939218521, 0.04104278236627579, 0.04008850082755089, 0.039229653775691986, 0.03845668584108353, 0.03776101768016815, 0.037134915590286255, 0.03657142445445061, 0.036064282059669495, 0.035607852041721344, 0.035197071731090546, 0.03482736274600029, 0.03449462726712227, 0.03419516235589981, 0.03392564505338669, 0.033683083951473236, 0.03346477448940277, 0.03326829522848129, 0.0330914668738842, 0.03293231874704361, 0.032789088785648346, 0.03266017884016037]","[0.10000000149011612, 0.14000000059604645, 0.17599999904632568, 0.20839999616146088, 0.2375599890947342, 0.26380398869514465, 0.28742358088493347, 0.3086812198162079, 0.3278130888938904, 0.3450317978858948, 0.3605286180973053, 0.37447574734687805, 0.38702818751335144, 0.3983253836631775, 0.4084928333759308, 0.41764354705810547, 0.42587918043136597, 0.4332912564277649, 0.43996211886405945, 0.4459659159183502, 0.4513693153858185, 0.4562323987483978, 0.46060916781425476, 0.464548259973526, 0.4680934250354767, 0.47128409147262573, 0.4741556942462921, 0.47674012184143066, 0.4790661036968231]"
41,"[0.05366792157292366, 0.05145261809229851, 0.04945883899927139, 0.04766444116830826, 0.04604947566986084, 0.04459600895643234, 0.04328789561986923, 0.042110588401556015, 0.04105101525783539, 0.04009739309549332, 0.03923913463950157, 0.03846670687198639, 0.037771519273519516, 0.03714584931731224, 0.03658274561166763, 0.036075953394174576, 0.03561984375119209, 0.03520934656262398, 0.034839894622564316, 0.0345073826611042, 0.03420813009142876, 0.033938802778720856, 0.03369640186429024, 0.03347824513912201, 0.033281903713941574, 0.03310519829392433, 0.032946158200502396, 0.03280302509665489, 0.03267420828342438]","[0.053668420761823654, 0.05145157873630524, 0.04945642128586769, 0.04766077920794487, 0.04604470357298851, 0.04459023475646973, 0.04328121244907379, 0.04210308939218521, 0.04104278236627579, 0.04008850082755089, 0.039229653775691986, 0.03845668584108353, 0.03776101768016815, 0.037134915590286255, 0.03657142445445061, 0.036064282059669495, 0.035607852041721344, 0.035197071731090546, 0.03482736274600029, 0.03449462726712227, 0.03419516235589981, 0.03392564505338669, 0.033683083951473236, 0.03346477448940277, 0.03326829522848129, 0.0330914668738842, 0.03293231874704361, 0.032789088785648346, 0.03266017884016037]","[0.10000000149011612, 0.14000000059604645, 0.17599999904632568, 0.20839999616146088, 0.2375599890947342, 0.26380398869514465, 0.28742358088493347, 0.3086812198162079, 0.3278130888938904, 0.3450317978858948, 0.3605286180973053, 0.37447574734687805, 0.38702818751335144, 0.3983253836631775, 0.4084928333759308, 0.41764354705810547, 0.42587918043136597, 0.4332912564277649, 0.43996211886405945, 0.4459659159183502, 0.4513693153858185, 0.4562323987483978, 0.46060916781425476, 0.464548259973526, 0.4680934250354767, 0.47128409147262573, 0.4741556942462921, 0.47674012184143066, 0.4790661036968231]"
42,"[0.053665146231651306, 0.051446810364723206, 0.04945032298564911, 0.04765348136425018, 0.04603631794452667, 0.044580891728401184, 0.04327143728733063, 0.04209534823894501, 0.04103685915470123, 0.04008422791957855, 0.039226844906806946, 0.03845520317554474, 0.03776074945926666, 0.037135735154151917, 0.03657318651676178, 0.03606690466403961, 0.035611286759376526, 0.03520120680332184, 0.03483210504055023, 0.03449997305870056, 0.034201011061668396, 0.03393198549747467, 0.033689841628074646, 0.03347189724445343, 0.03327576816082001, 0.033099234104156494, 0.0329403430223465, 0.032797351479530334, 0.03266867995262146]","[0.053668420761823654, 0.05145157873630524, 0.04945642128586769, 0.04766077920794487, 0.04604470357298851, 0.04459023475646973, 0.04328121244907379, 0.04210308939218521, 0.04104278236627579, 0.04008850082755089, 0.039229653775691986, 0.03845668584108353, 0.03776101768016815, 0.037134915590286255, 0.03657142445445061, 0.036064282059669495, 0.035607852041721344, 0.035197071731090546, 0.03482736274600029, 0.03449462726712227, 0.03419516235589981, 0.03392564505338669, 0.033683083951473236, 0.03346477448940277, 0.03326829522848129, 0.0330914668738842, 0.03293231874704361, 0.032789088785648346, 0.03266017884016037]","[0.10000000149011612, 0.14000000059604645, 0.17599999904632568, 0.20839999616146088, 0.2375599890947342, 0.26380398869514465, 0.28742358088493347, 0.3086812198162079, 0.3278130888938904, 0.3450317978858948, 0.3605286180973053, 0.37447574734687805, 0.38702818751335144, 0.3983253836631775, 0.4084928333759308, 0.41764354705810547, 0.42587918043136597, 0.4332912564277649, 0.43996211886405945, 0.4459659159183502, 0.4513693153858185, 0.4562323987483978, 0.46060916781425476, 0.464548259973526, 0.4680934250354767, 0.47128409147262573, 0.4741556942462921, 0.47674012184143066, 0.4790661036968231]"
43,"[0.052559979259967804, 0.052559979259967804, 0.052559979259967804, 0.052559979259967804, 0.052559979259967804, 0.052559979259967804, 0.052559979259967804, 0.052559979259967804, 0.052559979259967804, 0.052559979259967804, 0.052559979259967804, 0.052559979259967804, 0.052559979259967804, 0.052559979259967804, 0.052559979259967804, 0.052559979259967804, 0.052559979259967804, 0.052559979259967804, 0.052559979259967804, 0.052559979259967804, 0.052559979259967804, 0.052559979259967804, 0.052559979259967804, 0.052559979259967804, 0.052559979259967804, 0.052559979259967804, 0.052559979259967804, 0.052559979259967804, 0.052559979259967804]","[0.053668420761823654, 0.05145157873630524, 0.04945642128586769, 0.04766077920794487, 0.04604470357298851, 0.04459023475646973, 0.04328121244907379, 0.04210308939218521, 0.04104278236627579, 0.04008850082755089, 0.039229653775691986, 0.03845668584108353, 0.03776101768016815, 0.037134915590286255, 0.03657142445445061, 0.036064282059669495, 0.035607852041721344, 0.035197071731090546, 0.03482736274600029, 0.03449462726712227, 0.03419516235589981, 0.03392564505338669, 0.033683083951473236, 0.03346477448940277, 0.03326829522848129, 0.0330914668738842, 0.03293231874704361, 0.032789088785648346, 0.03266017884016037]","[0.10000000149011612, 0.14000000059604645, 0.17599999904632568, 0.20839999616146088, 0.2375599890947342, 0.26380398869514465, 0.28742358088493347, 0.3086812198162079, 0.3278130888938904, 0.3450317978858948, 0.3605286180973053, 0.37447574734687805, 0.38702818751335144, 0.3983253836631775, 0.4084928333759308, 0.41764354705810547, 0.42587918043136597, 0.4332912564277649, 0.43996211886405945, 0.4459659159183502, 0.4513693153858185, 0.4562323987483978, 0.46060916781425476, 0.464548259973526, 0.4680934250354767, 0.47128409147262573, 0.4741556942462921, 0.47674012184143066, 0.4790661036968231]"
44,"[0.053670868277549744, 0.05145251750946045, 0.049456000328063965, 0.04765915870666504, 0.04604196548461914, 0.04458653926849365, 0.043276622891426086, 0.042097702622413635, 0.04103666543960571, 0.040081754326820374, 0.03922232985496521, 0.03844882547855377, 0.037752702832221985, 0.03712615370750427, 0.03656229376792908, 0.03605480492115021, 0.03559808433055878, 0.035187020897865295, 0.034817054867744446, 0.03448408842086792, 0.03418444097042084, 0.033914715051651, 0.03367197513580322, 0.03345353901386261, 0.03325694799423218, 0.03307996690273285, 0.032920703291893005, 0.03277739882469177, 0.03264838457107544]","[0.053668420761823654, 0.05145157873630524, 0.04945642128586769, 0.04766077920794487, 0.04604470357298851, 0.04459023475646973, 0.04328121244907379, 0.04210308939218521, 0.04104278236627579, 0.04008850082755089, 0.039229653775691986, 0.03845668584108353, 0.03776101768016815, 0.037134915590286255, 0.03657142445445061, 0.036064282059669495, 0.035607852041721344, 0.035197071731090546, 0.03482736274600029, 0.03449462726712227, 0.03419516235589981, 0.03392564505338669, 0.033683083951473236, 0.03346477448940277, 0.03326829522848129, 0.0330914668738842, 0.03293231874704361, 0.032789088785648346, 0.03266017884016037]","[0.10000000149011612, 0.14000000059604645, 0.17599999904632568, 0.20839999616146088, 0.2375599890947342, 0.26380398869514465, 0.28742358088493347, 0.3086812198162079, 0.3278130888938904, 0.3450317978858948, 0.3605286180973053, 0.37447574734687805, 0.38702818751335144, 0.3983253836631775, 0.4084928333759308, 0.41764354705810547, 0.42587918043136597, 0.4332912564277649, 0.43996211886405945, 0.4459659159183502, 0.4513693153858185, 0.4562323987483978, 0.46060916781425476, 0.464548259973526, 0.4680934250354767, 0.47128409147262573, 0.4741556942462921, 0.47674012184143066, 0.4790661036968231]"
45,"[0.05366697907447815, 0.05145159363746643, 0.04945775866508484, 0.04766330122947693, 0.04604828357696533, 0.04459482431411743, 0.043286681175231934, 0.042109280824661255, 0.04104974865913391, 0.04009607434272766, 0.039237767457962036, 0.03846535086631775, 0.03777012228965759, 0.03714445233345032, 0.03658130764961243, 0.03607448935508728, 0.03561839461326599, 0.035207897424697876, 0.03483840823173523, 0.0345059335231781, 0.034206658601760864, 0.033937305212020874, 0.03369489312171936, 0.03347674012184143, 0.033280402421951294, 0.03310367465019226, 0.03294464945793152, 0.03280147910118103, 0.03267267346382141]","[0.053668420761823654, 0.05145157873630524, 0.04945642128586769, 0.04766077920794487, 0.04604470357298851, 0.04459023475646973, 0.04328121244907379, 0.04210308939218521, 0.04104278236627579, 0.04008850082755089, 0.039229653775691986, 0.03845668584108353, 0.03776101768016815, 0.037134915590286255, 0.03657142445445061, 0.036064282059669495, 0.035607852041721344, 0.035197071731090546, 0.03482736274600029, 0.03449462726712227, 0.03419516235589981, 0.03392564505338669, 0.033683083951473236, 0.03346477448940277, 0.03326829522848129, 0.0330914668738842, 0.03293231874704361, 0.032789088785648346, 0.03266017884016037]","[0.10000000149011612, 0.14000000059604645, 0.17599999904632568, 0.20839999616146088, 0.2375599890947342, 0.26380398869514465, 0.28742358088493347, 0.3086812198162079, 0.3278130888938904, 0.3450317978858948, 0.3605286180973053, 0.37447574734687805, 0.38702818751335144, 0.3983253836631775, 0.4084928333759308, 0.41764354705810547, 0.42587918043136597, 0.4332912564277649, 0.43996211886405945, 0.4459659159183502, 0.4513693153858185, 0.4562323987483978, 0.46060916781425476, 0.464548259973526, 0.4680934250354767, 0.47128409147262573, 0.4741556942462921, 0.47674012184143066, 0.4790661036968231]"
46,"[0.053668901324272156, 0.05145052820444107, 0.04945399612188339, 0.047657132148742676, 0.04603993892669678, 0.044584475457668304, 0.04327455163002014, 0.042095623910427094, 0.04103458672761917, 0.04007966071367264, 0.03922022134065628, 0.03844671696424484, 0.03775057941675186, 0.03712405264377594, 0.036560170352458954, 0.03605267405509949, 0.03559593856334686, 0.03518487513065338, 0.03481490910053253, 0.0344819501042366, 0.034182287752628326, 0.033912576735019684, 0.0336698517203331, 0.0334513857960701, 0.033254772424697876, 0.033077821135520935, 0.03291856497526169, 0.03277524560689926, 0.032646238803863525]","[0.053668420761823654, 0.05145157873630524, 0.04945642128586769, 0.04766077920794487, 0.04604470357298851, 0.04459023475646973, 0.04328121244907379, 0.04210308939218521, 0.04104278236627579, 0.04008850082755089, 0.039229653775691986, 0.03845668584108353, 0.03776101768016815, 0.037134915590286255, 0.03657142445445061, 0.036064282059669495, 0.035607852041721344, 0.035197071731090546, 0.03482736274600029, 0.03449462726712227, 0.03419516235589981, 0.03392564505338669, 0.033683083951473236, 0.03346477448940277, 0.03326829522848129, 0.0330914668738842, 0.03293231874704361, 0.032789088785648346, 0.03266017884016037]","[0.10000000149011612, 0.14000000059604645, 0.17599999904632568, 0.20839999616146088, 0.2375599890947342, 0.26380398869514465, 0.28742358088493347, 0.3086812198162079, 0.3278130888938904, 0.3450317978858948, 0.3605286180973053, 0.37447574734687805, 0.38702818751335144, 0.3983253836631775, 0.4084928333759308, 0.41764354705810547, 0.42587918043136597, 0.4332912564277649, 0.43996211886405945, 0.4459659159183502, 0.4513693153858185, 0.4562323987483978, 0.46060916781425476, 0.464548259973526, 0.4680934250354767, 0.47128409147262573, 0.4741556942462921, 0.47674012184143066, 0.4790661036968231]"
47,"[0.05367067828774452, 0.05145427957177162, 0.04945734515786171, 0.04766010120511055, 0.04604259505867958, 0.04458681121468544, 0.043276626616716385, 0.04209745302796364, 0.041036207228899, 0.040081072598695755, 0.03922145441174507, 0.038447801023721695, 0.037751514464616776, 0.037124861031770706, 0.03656085208058357, 0.036053258925676346, 0.035596419125795364, 0.03518526628613472, 0.034815240651369095, 0.034482214599847794, 0.03418247774243355, 0.033912722021341324, 0.03366992250084877, 0.033451441675424576, 0.03325479105114937, 0.033077795058488846, 0.032918501645326614, 0.032775137573480606, 0.03264612331986427]","[0.053668420761823654, 0.05145157873630524, 0.04945642128586769, 0.04766077920794487, 0.04604470357298851, 0.04459023475646973, 0.04328121244907379, 0.04210308939218521, 0.04104278236627579, 0.04008850082755089, 0.039229653775691986, 0.03845668584108353, 0.03776101768016815, 0.037134915590286255, 0.03657142445445061, 0.036064282059669495, 0.035607852041721344, 0.035197071731090546, 0.03482736274600029, 0.03449462726712227, 0.03419516235589981, 0.03392564505338669, 0.033683083951473236, 0.03346477448940277, 0.03326829522848129, 0.0330914668738842, 0.03293231874704361, 0.032789088785648346, 0.03266017884016037]","[0.10000000149011612, 0.14000000059604645, 0.17599999904632568, 0.20839999616146088, 0.2375599890947342, 0.26380398869514465, 0.28742358088493347, 0.3086812198162079, 0.3278130888938904, 0.3450317978858948, 0.3605286180973053, 0.37447574734687805, 0.38702818751335144, 0.3983253836631775, 0.4084928333759308, 0.41764354705810547, 0.42587918043136597, 0.4332912564277649, 0.43996211886405945, 0.4459659159183502, 0.4513693153858185, 0.4562323987483978, 0.46060916781425476, 0.464548259973526, 0.4680934250354767, 0.47128409147262573, 0.4741556942462921, 0.47674012184143066, 0.4790661036968231]"
48,"[0.05366630107164383, 0.05144914984703064, 0.04945581778883934, 0.04766181483864784, 0.046047210693359375, 0.04459407180547714, 0.04328624904155731, 0.042109206318855286, 0.04104986414313316, 0.0400964580476284, 0.03923838958144188, 0.038466136902570724, 0.03777110204100609, 0.037145569920539856, 0.036582592874765396, 0.03607591614127159, 0.03561990708112717, 0.035209495574235916, 0.03484012931585312, 0.03450769558548927, 0.0342085063457489, 0.03393923491239548, 0.033696893602609634, 0.033478785306215286, 0.03328248858451843, 0.033105816692113876, 0.03294681757688522, 0.032803718000650406, 0.03267492353916168]","[0.053668420761823654, 0.05145157873630524, 0.04945642128586769, 0.04766077920794487, 0.04604470357298851, 0.04459023475646973, 0.04328121244907379, 0.04210308939218521, 0.04104278236627579, 0.04008850082755089, 0.039229653775691986, 0.03845668584108353, 0.03776101768016815, 0.037134915590286255, 0.03657142445445061, 0.036064282059669495, 0.035607852041721344, 0.035197071731090546, 0.03482736274600029, 0.03449462726712227, 0.03419516235589981, 0.03392564505338669, 0.033683083951473236, 0.03346477448940277, 0.03326829522848129, 0.0330914668738842, 0.03293231874704361, 0.032789088785648346, 0.03266017884016037]","[0.10000000149011612, 0.14000000059604645, 0.17599999904632568, 0.20839999616146088, 0.2375599890947342, 0.26380398869514465, 0.28742358088493347, 0.3086812198162079, 0.3278130888938904, 0.3450317978858948, 0.3605286180973053, 0.37447574734687805, 0.38702818751335144, 0.3983253836631775, 0.4084928333759308, 0.41764354705810547, 0.42587918043136597, 0.4332912564277649, 0.43996211886405945, 0.4459659159183502, 0.4513693153858185, 0.4562323987483978, 0.46060916781425476, 0.464548259973526, 0.4680934250354767, 0.47128409147262573, 0.4741556942462921, 0.47674012184143066, 0.4790661036968231]"
49,"[0.053668662905693054, 0.05145329236984253, 0.04945945739746094, 0.04766499251127243, 0.046049974858760834, 0.04459647089242935, 0.04328832030296326, 0.04211097210645676, 0.04105138033628464, 0.04009772092103958, 0.03923943638801575, 0.03846696764230728, 0.03777176886796951, 0.03714606910943985, 0.03658294677734375, 0.03607615828514099, 0.03562001883983612, 0.03520951420068741, 0.03484004735946655, 0.03450752794742584, 0.0342082753777504, 0.033938921988010406, 0.03369651734828949, 0.03347836434841156, 0.03328200429677963, 0.033105313777923584, 0.032946258783340454, 0.032803118228912354, 0.032674290239810944]","[0.053668420761823654, 0.05145157873630524, 0.04945642128586769, 0.04766077920794487, 0.04604470357298851, 0.04459023475646973, 0.04328121244907379, 0.04210308939218521, 0.04104278236627579, 0.04008850082755089, 0.039229653775691986, 0.03845668584108353, 0.03776101768016815, 0.037134915590286255, 0.03657142445445061, 0.036064282059669495, 0.035607852041721344, 0.035197071731090546, 0.03482736274600029, 0.03449462726712227, 0.03419516235589981, 0.03392564505338669, 0.033683083951473236, 0.03346477448940277, 0.03326829522848129, 0.0330914668738842, 0.03293231874704361, 0.032789088785648346, 0.03266017884016037]","[0.10000000149011612, 0.14000000059604645, 0.17599999904632568, 0.20839999616146088, 0.2375599890947342, 0.26380398869514465, 0.28742358088493347, 0.3086812198162079, 0.3278130888938904, 0.3450317978858948, 0.3605286180973053, 0.37447574734687805, 0.38702818751335144, 0.3983253836631775, 0.4084928333759308, 0.41764354705810547, 0.42587918043136597, 0.4332912564277649, 0.43996211886405945, 0.4459659159183502, 0.4513693153858185, 0.4562323987483978, 0.46060916781425476, 0.464548259973526, 0.4680934250354767, 0.47128409147262573, 0.4741556942462921, 0.47674012184143066, 0.4790661036968231]"
