seed,n_params,train_loss,test_loss,k_path_nn,k_path_vfi
0,129,4.233883373672143e-06,4.030614491057349e-06,"[1.8046235031702813, 2.0308470726013184, 2.240919589996338, 2.422379493713379, 2.573438882827759, 2.694488048553467, 2.808270215988159, 2.8877904415130615, 2.975203037261963, 3.046055793762207, 3.1126933097839355, 3.1703343391418457, 3.235553026199341, 3.2747929096221924, 3.308295249938965, 3.3359787464141846, 3.371792793273926, 3.394157886505127, 3.4137041568756104, 3.4246225357055664, 3.436609983444214, 3.4540438652038574, 3.4608733654022217, 3.478855848312378, 3.5033886432647705, 3.5293753147125244, 3.559741973876953, 3.5793581008911133, 3.595108985900879]","[1.8046235031702813, 2.039224558582418, 2.2557793789628517, 2.43624172927988, 2.598657844565205, 2.7249814897871247, 2.8513051350090444, 2.940445779165466, 3.03067695432398, 3.1028618944507906, 3.1738259490685836, 3.227964654163692, 3.2821033592588007, 3.318195829322206, 3.344469806943833, 3.3625160419755358, 3.3986085120389413, 3.416654747070644, 3.434700982102347, 3.434700982102347, 3.434700982102347, 3.4527472171340494, 3.45274721713405, 3.4707934521657533, 3.488839687197456, 3.5068859222291584, 3.539279062776423, 3.5573252978081262, 3.5746441663009016]"
1,129,1.248323496838566e-05,9.880121979222167e-06,"[1.8046235031702813, 2.0343639850616455, 2.2475063800811768, 2.4315807819366455, 2.5937137603759766, 2.733659505844116, 2.8632330894470215, 2.950021743774414, 3.0401456356048584, 3.108942985534668, 3.170522928237915, 3.2206196784973145, 3.2769365310668945, 3.304990291595459, 3.3270204067230225, 3.3435730934143066, 3.3696205615997314, 3.382044553756714, 3.392394781112671, 3.3945324420928955, 3.3988115787506104, 3.4096269607543945, 3.40981388092041, 3.422501564025879, 3.4423274993896484, 3.4636600017547607, 3.489509105682373, 3.503854751586914, 3.514343023300171]","[1.8046235031702813, 2.039224558582418, 2.2557793789628517, 2.43624172927988, 2.598657844565205, 2.7249814897871247, 2.8513051350090444, 2.940445779165466, 3.03067695432398, 3.1028618944507906, 3.1738259490685836, 3.227964654163692, 3.2821033592588007, 3.318195829322206, 3.344469806943833, 3.3625160419755358, 3.3986085120389413, 3.416654747070644, 3.434700982102347, 3.434700982102347, 3.434700982102347, 3.4527472171340494, 3.45274721713405, 3.4707934521657533, 3.488839687197456, 3.5068859222291584, 3.539279062776423, 3.5573252978081262, 3.5746441663009016]"
2,129,3.817341621470405e-06,1.1806268958025612e-06,"[1.8046235031702813, 2.035280704498291, 2.2521533966064453, 2.4377176761627197, 2.596522331237793, 2.7249679565429688, 2.845741033554077, 2.930424213409424, 3.0211400985717773, 3.091655969619751, 3.156069278717041, 3.209585189819336, 3.2697231769561768, 3.299884080886841, 3.3236336708068848, 3.341540813446045, 3.3696067333221436, 3.383124351501465, 3.394416332244873, 3.3969123363494873, 3.40167236328125, 3.4134066104888916, 3.4137706756591797, 3.427483320236206, 3.448841094970703, 3.4716007709503174, 3.4987757205963135, 3.514211893081665, 3.5256338119506836]","[1.8046235031702813, 2.039224558582418, 2.2557793789628517, 2.43624172927988, 2.598657844565205, 2.7249814897871247, 2.8513051350090444, 2.940445779165466, 3.03067695432398, 3.1028618944507906, 3.1738259490685836, 3.227964654163692, 3.2821033592588007, 3.318195829322206, 3.344469806943833, 3.3625160419755358, 3.3986085120389413, 3.416654747070644, 3.434700982102347, 3.434700982102347, 3.434700982102347, 3.4527472171340494, 3.45274721713405, 3.4707934521657533, 3.488839687197456, 3.5068859222291584, 3.539279062776423, 3.5573252978081262, 3.5746441663009016]"
3,129,2.0571234927047044e-05,5.736802904721117e-06,"[1.8046235031702813, 2.0308728218078613, 2.239596366882324, 2.4177634716033936, 2.572702646255493, 2.695030450820923, 2.8082964420318604, 2.8858070373535156, 2.9703993797302246, 3.0375723838806152, 3.099994659423828, 3.152987003326416, 3.2132883071899414, 3.2472407817840576, 3.2754998207092285, 3.298377752304077, 3.3303635120391846, 3.349174737930298, 3.3656320571899414, 3.3736836910247803, 3.3832297325134277, 3.398730754852295, 3.4036426544189453, 3.420288324356079, 3.4439306259155273, 3.4693119525909424, 3.499419927597046, 3.518672466278076, 3.534102439880371]","[1.8046235031702813, 2.039224558582418, 2.2557793789628517, 2.43624172927988, 2.598657844565205, 2.7249814897871247, 2.8513051350090444, 2.940445779165466, 3.03067695432398, 3.1028618944507906, 3.1738259490685836, 3.227964654163692, 3.2821033592588007, 3.318195829322206, 3.344469806943833, 3.3625160419755358, 3.3986085120389413, 3.416654747070644, 3.434700982102347, 3.434700982102347, 3.434700982102347, 3.4527472171340494, 3.45274721713405, 3.4707934521657533, 3.488839687197456, 3.5068859222291584, 3.539279062776423, 3.5573252978081262, 3.5746441663009016]"
4,129,5.192012849875027e-06,5.1938704928033985e-06,"[1.8046235031702813, 2.032987117767334, 2.245321273803711, 2.429335117340088, 2.5919981002807617, 2.7222511768341064, 2.842414140701294, 2.926659345626831, 3.0169036388397217, 3.089397430419922, 3.156583309173584, 3.213979959487915, 3.277991533279419, 3.3158416748046875, 3.3476853370666504, 3.373868703842163, 3.4085779190063477, 3.428095817565918, 3.444220542907715, 3.450479745864868, 3.4584054946899414, 3.4728686809539795, 3.4751853942871094, 3.4907784461975098, 3.5137112140655518, 3.537832260131836, 3.5664777755737305, 3.582200050354004, 3.593531608581543]","[1.8046235031702813, 2.039224558582418, 2.2557793789628517, 2.43624172927988, 2.598657844565205, 2.7249814897871247, 2.8513051350090444, 2.940445779165466, 3.03067695432398, 3.1028618944507906, 3.1738259490685836, 3.227964654163692, 3.2821033592588007, 3.318195829322206, 3.344469806943833, 3.3625160419755358, 3.3986085120389413, 3.416654747070644, 3.434700982102347, 3.434700982102347, 3.434700982102347, 3.4527472171340494, 3.45274721713405, 3.4707934521657533, 3.488839687197456, 3.5068859222291584, 3.539279062776423, 3.5573252978081262, 3.5746441663009016]"
5,129,8.49186926643597e-06,5.283189693727763e-06,"[1.8046235031702813, 2.034205913543701, 2.2464873790740967, 2.4287307262420654, 2.584354877471924, 2.7139551639556885, 2.838848829269409, 2.9299845695495605, 3.024191379547119, 3.0963022708892822, 3.1608126163482666, 3.213390350341797, 3.2721972465515137, 3.301936388015747, 3.3253843784332275, 3.3431122303009033, 3.3704752922058105, 3.3838083744049072, 3.394941806793213, 3.397592782974243, 3.402372360229492, 3.413797616958618, 3.414293050765991, 3.427556037902832, 3.448115348815918, 3.4702112674713135, 3.4969334602355957, 3.5118677616119385, 3.5228352546691895]","[1.8046235031702813, 2.039224558582418, 2.2557793789628517, 2.43624172927988, 2.598657844565205, 2.7249814897871247, 2.8513051350090444, 2.940445779165466, 3.03067695432398, 3.1028618944507906, 3.1738259490685836, 3.227964654163692, 3.2821033592588007, 3.318195829322206, 3.344469806943833, 3.3625160419755358, 3.3986085120389413, 3.416654747070644, 3.434700982102347, 3.434700982102347, 3.434700982102347, 3.4527472171340494, 3.45274721713405, 3.4707934521657533, 3.488839687197456, 3.5068859222291584, 3.539279062776423, 3.5573252978081262, 3.5746441663009016]"
6,129,1.1802585504483432e-05,7.5633247433870565e-06,"[1.8046235031702813, 2.0335166454315186, 2.244534969329834, 2.4254202842712402, 2.583491086959839, 2.7089717388153076, 2.823701858520508, 2.900674343109131, 2.9843008518218994, 3.0494871139526367, 3.1094720363616943, 3.159555435180664, 3.2169923782348633, 3.246671199798584, 3.270573616027832, 3.289092540740967, 3.3175148963928223, 3.332195281982422, 3.3447318077087402, 3.3487603664398193, 3.3547961711883545, 3.3674376010894775, 3.3691415786743164, 3.383535623550415, 3.405369281768799, 3.428971529006958, 3.4574522972106934, 3.474360227584839, 3.4873108863830566]","[1.8046235031702813, 2.039224558582418, 2.2557793789628517, 2.43624172927988, 2.598657844565205, 2.7249814897871247, 2.8513051350090444, 2.940445779165466, 3.03067695432398, 3.1028618944507906, 3.1738259490685836, 3.227964654163692, 3.2821033592588007, 3.318195829322206, 3.344469806943833, 3.3625160419755358, 3.3986085120389413, 3.416654747070644, 3.434700982102347, 3.434700982102347, 3.434700982102347, 3.4527472171340494, 3.45274721713405, 3.4707934521657533, 3.488839687197456, 3.5068859222291584, 3.539279062776423, 3.5573252978081262, 3.5746441663009016]"
7,129,3.033177335964865e-06,2.442303411953617e-06,"[1.8046235031702813, 2.034294605255127, 2.2497518062591553, 2.438600540161133, 2.597329616546631, 2.7261486053466797, 2.847233772277832, 2.933537483215332, 3.024493455886841, 3.095906972885132, 3.1609959602355957, 3.2153773307800293, 3.2760775089263916, 3.3093998432159424, 3.3364672660827637, 3.357762336730957, 3.3881447315216064, 3.404423952102661, 3.417940616607666, 3.42209792137146, 3.4282898902893066, 3.4413411617279053, 3.442552089691162, 3.4572274684906006, 3.4794812202453613, 3.5031681060791016, 3.5315942764282227, 3.5473036766052246, 3.5587196350097656]","[1.8046235031702813, 2.039224558582418, 2.2557793789628517, 2.43624172927988, 2.598657844565205, 2.7249814897871247, 2.8513051350090444, 2.940445779165466, 3.03067695432398, 3.1028618944507906, 3.1738259490685836, 3.227964654163692, 3.2821033592588007, 3.318195829322206, 3.344469806943833, 3.3625160419755358, 3.3986085120389413, 3.416654747070644, 3.434700982102347, 3.434700982102347, 3.434700982102347, 3.4527472171340494, 3.45274721713405, 3.4707934521657533, 3.488839687197456, 3.5068859222291584, 3.539279062776423, 3.5573252978081262, 3.5746441663009016]"
8,129,7.291164365597069e-06,5.026669896324165e-06,"[1.8046235031702813, 2.034013509750366, 2.2468161582946777, 2.430903434753418, 2.593320369720459, 2.7234394550323486, 2.842672109603882, 2.9252941608428955, 3.0136125087738037, 3.0838165283203125, 3.1485211849212646, 3.203284740447998, 3.2646124362945557, 3.29709529876709, 3.322694778442383, 3.34206223487854, 3.3715689182281494, 3.386038064956665, 3.398099899291992, 3.401082992553711, 3.406301736831665, 3.4185633659362793, 3.4191596508026123, 3.4333295822143555, 3.4552323818206787, 3.478732109069824, 3.507120370864868, 3.5229294300079346, 3.5345053672790527]","[1.8046235031702813, 2.039224558582418, 2.2557793789628517, 2.43624172927988, 2.598657844565205, 2.7249814897871247, 2.8513051350090444, 2.940445779165466, 3.03067695432398, 3.1028618944507906, 3.1738259490685836, 3.227964654163692, 3.2821033592588007, 3.318195829322206, 3.344469806943833, 3.3625160419755358, 3.3986085120389413, 3.416654747070644, 3.434700982102347, 3.434700982102347, 3.434700982102347, 3.4527472171340494, 3.45274721713405, 3.4707934521657533, 3.488839687197456, 3.5068859222291584, 3.539279062776423, 3.5573252978081262, 3.5746441663009016]"
9,129,8.41760920593515e-05,4.8351354053011164e-05,"[1.8046235031702813, 2.0265989303588867, 2.220970869064331, 2.3768932819366455, 2.5038862228393555, 2.603355646133423, 2.697213888168335, 2.7589399814605713, 2.8295602798461914, 2.8850150108337402, 2.937285900115967, 2.981621026992798, 3.0340709686279297, 3.0618739128112793, 3.084865093231201, 3.103241443634033, 3.1309707164764404, 3.1464035511016846, 3.15993595123291, 3.1656434535980225, 3.1730642318725586, 3.1865015029907227, 3.189897060394287, 3.204848051071167, 3.226783275604248, 3.2506089210510254, 3.2792139053344727, 3.297471523284912, 3.3121461868286133]","[1.8046235031702813, 2.039224558582418, 2.2557793789628517, 2.43624172927988, 2.598657844565205, 2.7249814897871247, 2.8513051350090444, 2.940445779165466, 3.03067695432398, 3.1028618944507906, 3.1738259490685836, 3.227964654163692, 3.2821033592588007, 3.318195829322206, 3.344469806943833, 3.3625160419755358, 3.3986085120389413, 3.416654747070644, 3.434700982102347, 3.434700982102347, 3.434700982102347, 3.4527472171340494, 3.45274721713405, 3.4707934521657533, 3.488839687197456, 3.5068859222291584, 3.539279062776423, 3.5573252978081262, 3.5746441663009016]"
10,129,2.3941820472828113e-06,3.3984297260758467e-06,"[1.8046235031702813, 2.0337417125701904, 2.249222993850708, 2.4371438026428223, 2.595137596130371, 2.723158359527588, 2.843719482421875, 2.9300806522369385, 3.02394700050354, 3.101168155670166, 3.173945665359497, 3.237555980682373, 3.3058321475982666, 3.3428432941436768, 3.372030258178711, 3.394296646118164, 3.4252312183380127, 3.441269636154175, 3.454522132873535, 3.458838939666748, 3.4649810791015625, 3.4774813652038574, 3.4787702560424805, 3.4926681518554688, 3.5135936737060547, 3.5357582569122314, 3.562272787094116, 3.5767478942871094, 3.587163209915161]","[1.8046235031702813, 2.039224558582418, 2.2557793789628517, 2.43624172927988, 2.598657844565205, 2.7249814897871247, 2.8513051350090444, 2.940445779165466, 3.03067695432398, 3.1028618944507906, 3.1738259490685836, 3.227964654163692, 3.2821033592588007, 3.318195829322206, 3.344469806943833, 3.3625160419755358, 3.3986085120389413, 3.416654747070644, 3.434700982102347, 3.434700982102347, 3.434700982102347, 3.4527472171340494, 3.45274721713405, 3.4707934521657533, 3.488839687197456, 3.5068859222291584, 3.539279062776423, 3.5573252978081262, 3.5746441663009016]"
11,129,2.2118244942248566e-06,2.4449498141621007e-06,"[1.8046235031702813, 2.0337908267974854, 2.2488584518432617, 2.4373080730438232, 2.595771551132202, 2.7252659797668457, 2.846127986907959, 2.9306178092956543, 3.021444082260132, 3.094348430633545, 3.1615757942199707, 3.2180068492889404, 3.280679225921631, 3.315988779067993, 3.345031261444092, 3.368259906768799, 3.4002797603607178, 3.4187424182891846, 3.434670925140381, 3.441525459289551, 3.4499478340148926, 3.464815378189087, 3.467503547668457, 3.4833786487579346, 3.5064361095428467, 3.5307700634002686, 3.5595943927764893, 3.575507640838623, 3.5870161056518555]","[1.8046235031702813, 2.039224558582418, 2.2557793789628517, 2.43624172927988, 2.598657844565205, 2.7249814897871247, 2.8513051350090444, 2.940445779165466, 3.03067695432398, 3.1028618944507906, 3.1738259490685836, 3.227964654163692, 3.2821033592588007, 3.318195829322206, 3.344469806943833, 3.3625160419755358, 3.3986085120389413, 3.416654747070644, 3.434700982102347, 3.434700982102347, 3.434700982102347, 3.4527472171340494, 3.45274721713405, 3.4707934521657533, 3.488839687197456, 3.5068859222291584, 3.539279062776423, 3.5573252978081262, 3.5746441663009016]"
12,129,1.8700474129218492e-06,2.389616383879911e-06,"[1.8046235031702813, 2.0337564945220947, 2.248577117919922, 2.436683416366577, 2.5949866771698, 2.7244534492492676, 2.8468546867370605, 2.9343857765197754, 3.0270731449127197, 3.0993871688842773, 3.1652612686157227, 3.2200605869293213, 3.281707525253296, 3.314790964126587, 3.3416178226470947, 3.3626530170440674, 3.3932344913482666, 3.4097752571105957, 3.423916816711426, 3.4293336868286133, 3.4365696907043457, 3.4502453804016113, 3.452845811843872, 3.4680099487304688, 3.49049973487854, 3.514657497406006, 3.543602228164673, 3.56074857711792, 3.573479175567627]","[1.8046235031702813, 2.039224558582418, 2.2557793789628517, 2.43624172927988, 2.598657844565205, 2.7249814897871247, 2.8513051350090444, 2.940445779165466, 3.03067695432398, 3.1028618944507906, 3.1738259490685836, 3.227964654163692, 3.2821033592588007, 3.318195829322206, 3.344469806943833, 3.3625160419755358, 3.3986085120389413, 3.416654747070644, 3.434700982102347, 3.434700982102347, 3.434700982102347, 3.4527472171340494, 3.45274721713405, 3.4707934521657533, 3.488839687197456, 3.5068859222291584, 3.539279062776423, 3.5573252978081262, 3.5746441663009016]"
13,129,8.417556091444567e-05,4.835058643948287e-05,"[1.8046235031702813, 2.026599168777466, 2.22097110748291, 2.3768937587738037, 2.5038866996765137, 2.603355884552002, 2.697213888168335, 2.7589404582977295, 2.8295609951019287, 2.8850157260894775, 2.937286376953125, 2.981621742248535, 3.034071922302246, 3.0618746280670166, 3.0848658084869385, 3.1032419204711914, 3.1309711933135986, 3.1464040279388428, 3.1599366664886475, 3.1656441688537598, 3.173064708709717, 3.186501979827881, 3.1898975372314453, 3.204848527908325, 3.2267837524414062, 3.2506096363067627, 3.279214382171631, 3.297471761703491, 3.3121464252471924]","[1.8046235031702813, 2.039224558582418, 2.2557793789628517, 2.43624172927988, 2.598657844565205, 2.7249814897871247, 2.8513051350090444, 2.940445779165466, 3.03067695432398, 3.1028618944507906, 3.1738259490685836, 3.227964654163692, 3.2821033592588007, 3.318195829322206, 3.344469806943833, 3.3625160419755358, 3.3986085120389413, 3.416654747070644, 3.434700982102347, 3.434700982102347, 3.434700982102347, 3.4527472171340494, 3.45274721713405, 3.4707934521657533, 3.488839687197456, 3.5068859222291584, 3.539279062776423, 3.5573252978081262, 3.5746441663009016]"
14,129,1.840055119828321e-05,1.0401933650427964e-05,"[1.8046235031702813, 2.0293703079223633, 2.2345614433288574, 2.408104419708252, 2.552203416824341, 2.666240930557251, 2.77348256111145, 2.846155881881714, 2.9275190830230713, 2.992366075515747, 3.0533552169799805, 3.1055402755737305, 3.165879011154175, 3.1999106407165527, 3.228482723236084, 3.2518279552459717, 3.2847042083740234, 3.3043572902679443, 3.3217241764068604, 3.3305747509002686, 3.340963363647461, 3.357470989227295, 3.3632073402404785, 3.3809316158294678, 3.4059035778045654, 3.4327969551086426, 3.464677095413208, 3.4856128692626953, 3.502692461013794]","[1.8046235031702813, 2.039224558582418, 2.2557793789628517, 2.43624172927988, 2.598657844565205, 2.7249814897871247, 2.8513051350090444, 2.940445779165466, 3.03067695432398, 3.1028618944507906, 3.1738259490685836, 3.227964654163692, 3.2821033592588007, 3.318195829322206, 3.344469806943833, 3.3625160419755358, 3.3986085120389413, 3.416654747070644, 3.434700982102347, 3.434700982102347, 3.434700982102347, 3.4527472171340494, 3.45274721713405, 3.4707934521657533, 3.488839687197456, 3.5068859222291584, 3.539279062776423, 3.5573252978081262, 3.5746441663009016]"
15,129,2.065629587377771e-06,2.0891018266411265e-06,"[1.8046235031702813, 2.0340144634246826, 2.2492012977600098, 2.4377517700195312, 2.5967490673065186, 2.7274553775787354, 2.849219799041748, 2.933600664138794, 3.0235302448272705, 3.0949301719665527, 3.160623788833618, 3.21612286567688, 3.278156042098999, 3.3127379417419434, 3.340545177459717, 3.3621957302093506, 3.3927528858184814, 3.409219980239868, 3.4231302738189697, 3.428384304046631, 3.435356378555298, 3.4485321044921875, 3.450808525085449, 3.4653215408325195, 3.4868431091308594, 3.5098085403442383, 3.537259340286255, 3.553178310394287, 3.5651354789733887]","[1.8046235031702813, 2.039224558582418, 2.2557793789628517, 2.43624172927988, 2.598657844565205, 2.7249814897871247, 2.8513051350090444, 2.940445779165466, 3.03067695432398, 3.1028618944507906, 3.1738259490685836, 3.227964654163692, 3.2821033592588007, 3.318195829322206, 3.344469806943833, 3.3625160419755358, 3.3986085120389413, 3.416654747070644, 3.434700982102347, 3.434700982102347, 3.434700982102347, 3.4527472171340494, 3.45274721713405, 3.4707934521657533, 3.488839687197456, 3.5068859222291584, 3.539279062776423, 3.5573252978081262, 3.5746441663009016]"
16,129,2.3108710593078285e-05,1.366226661048131e-05,"[1.8046235031702813, 2.0334813594818115, 2.2424514293670654, 2.419748544692993, 2.573004722595215, 2.6939098834991455, 2.804691791534424, 2.8768677711486816, 2.956918478012085, 3.0183732509613037, 3.0750491619110107, 3.1219379901885986, 3.177053928375244, 3.2041542530059814, 3.225787401199341, 3.2422964572906494, 3.2691855430603027, 3.282353401184082, 3.2935688495635986, 3.2963273525238037, 3.3013036251068115, 3.313149929046631, 3.3139986991882324, 3.3278706073760986, 3.349402904510498, 3.372811794281006, 3.401250123977661, 3.4179720878601074, 3.430722713470459]","[1.8046235031702813, 2.039224558582418, 2.2557793789628517, 2.43624172927988, 2.598657844565205, 2.7249814897871247, 2.8513051350090444, 2.940445779165466, 3.03067695432398, 3.1028618944507906, 3.1738259490685836, 3.227964654163692, 3.2821033592588007, 3.318195829322206, 3.344469806943833, 3.3625160419755358, 3.3986085120389413, 3.416654747070644, 3.434700982102347, 3.434700982102347, 3.434700982102347, 3.4527472171340494, 3.45274721713405, 3.4707934521657533, 3.488839687197456, 3.5068859222291584, 3.539279062776423, 3.5573252978081262, 3.5746441663009016]"
17,129,0.0002070879563689232,5.603917088592425e-05,"[1.8046235031702813, 2.0036137104034424, 2.1658618450164795, 2.3113791942596436, 2.4436800479888916, 2.5615248680114746, 2.6612980365753174, 2.749958038330078, 2.824536085128784, 2.8903250694274902, 2.9473273754119873, 2.997512102127075, 3.0398004055023193, 3.079542636871338, 3.114814281463623, 3.146242618560791, 3.1724932193756104, 3.1969833374023438, 3.218714475631714, 3.2388503551483154, 3.2564094066619873, 3.2710816860198975, 3.285285711288452, 3.2962992191314697, 3.304929256439209, 3.3120310306549072, 3.31735897064209, 3.3230910301208496, 3.328418731689453]","[1.8046235031702813, 2.039224558582418, 2.2557793789628517, 2.43624172927988, 2.598657844565205, 2.7249814897871247, 2.8513051350090444, 2.940445779165466, 3.03067695432398, 3.1028618944507906, 3.1738259490685836, 3.227964654163692, 3.2821033592588007, 3.318195829322206, 3.344469806943833, 3.3625160419755358, 3.3986085120389413, 3.416654747070644, 3.434700982102347, 3.434700982102347, 3.434700982102347, 3.4527472171340494, 3.45274721713405, 3.4707934521657533, 3.488839687197456, 3.5068859222291584, 3.539279062776423, 3.5573252978081262, 3.5746441663009016]"
18,129,1.2838995644415263e-06,1.3012266890655155e-06,"[1.8046235031702813, 2.0338127613067627, 2.2506399154663086, 2.436295509338379, 2.5970280170440674, 2.726271390914917, 2.8452956676483154, 2.9280283451080322, 3.016878843307495, 3.08782958984375, 3.153480291366577, 3.2093069553375244, 3.271883487701416, 3.308091402053833, 3.3383498191833496, 3.363011121749878, 3.3963942527770996, 3.416564702987671, 3.433534860610962, 3.4405710697174072, 3.4491310119628906, 3.4640700817108154, 3.4668734073638916, 3.4827685356140137, 3.505889654159546, 3.530148983001709, 3.558863639831543, 3.574732542037964, 3.586214780807495]","[1.8046235031702813, 2.039224558582418, 2.2557793789628517, 2.43624172927988, 2.598657844565205, 2.7249814897871247, 2.8513051350090444, 2.940445779165466, 3.03067695432398, 3.1028618944507906, 3.1738259490685836, 3.227964654163692, 3.2821033592588007, 3.318195829322206, 3.344469806943833, 3.3625160419755358, 3.3986085120389413, 3.416654747070644, 3.434700982102347, 3.434700982102347, 3.434700982102347, 3.4527472171340494, 3.45274721713405, 3.4707934521657533, 3.488839687197456, 3.5068859222291584, 3.539279062776423, 3.5573252978081262, 3.5746441663009016]"
19,129,1.248348144144984e-05,9.880144716589712e-06,"[1.8046235031702813, 2.0343639850616455, 2.2475056648254395, 2.431580066680908, 2.593712568283081, 2.7336580753326416, 2.8632311820983887, 2.9500198364257812, 3.0401437282562256, 3.1089413166046143, 3.1705212593078613, 3.2206177711486816, 3.2769346237182617, 3.304988384246826, 3.327019214630127, 3.3435721397399902, 3.369619846343994, 3.3820438385009766, 3.3923943042755127, 3.3945319652557373, 3.398811101913452, 3.4096264839172363, 3.409813165664673, 3.4225003719329834, 3.442326784133911, 3.4636595249176025, 3.4895083904266357, 3.503854274749756, 3.5143425464630127]","[1.8046235031702813, 2.039224558582418, 2.2557793789628517, 2.43624172927988, 2.598657844565205, 2.7249814897871247, 2.8513051350090444, 2.940445779165466, 3.03067695432398, 3.1028618944507906, 3.1738259490685836, 3.227964654163692, 3.2821033592588007, 3.318195829322206, 3.344469806943833, 3.3625160419755358, 3.3986085120389413, 3.416654747070644, 3.434700982102347, 3.434700982102347, 3.434700982102347, 3.4527472171340494, 3.45274721713405, 3.4707934521657533, 3.488839687197456, 3.5068859222291584, 3.539279062776423, 3.5573252978081262, 3.5746441663009016]"
20,129,3.1156566819845466e-06,4.021109816676471e-06,"[1.8046235031702813, 2.033621072769165, 2.248011350631714, 2.43511700630188, 2.592261552810669, 2.719726085662842, 2.840043783187866, 2.9262568950653076, 3.020231246948242, 3.097661018371582, 3.170774459838867, 3.234797716140747, 3.3035237789154053, 3.3407797813415527, 3.37015700340271, 3.392566442489624, 3.4236948490142822, 3.4398324489593506, 3.453165054321289, 3.457505941390991, 3.463683605194092, 3.476259231567383, 3.477552890777588, 3.49153470993042, 3.512587308883667, 3.534885883331299, 3.561560869216919, 3.5761210918426514, 3.5865962505340576]","[1.8046235031702813, 2.039224558582418, 2.2557793789628517, 2.43624172927988, 2.598657844565205, 2.7249814897871247, 2.8513051350090444, 2.940445779165466, 3.03067695432398, 3.1028618944507906, 3.1738259490685836, 3.227964654163692, 3.2821033592588007, 3.318195829322206, 3.344469806943833, 3.3625160419755358, 3.3986085120389413, 3.416654747070644, 3.434700982102347, 3.434700982102347, 3.434700982102347, 3.4527472171340494, 3.45274721713405, 3.4707934521657533, 3.488839687197456, 3.5068859222291584, 3.539279062776423, 3.5573252978081262, 3.5746441663009016]"
21,129,8.417492790613323e-05,4.8350728320656344e-05,"[1.8046235031702813, 2.0265989303588867, 2.220970869064331, 2.3768932819366455, 2.5038862228393555, 2.603355646133423, 2.697213888168335, 2.7589402198791504, 2.8295607566833496, 2.8850154876708984, 2.937286376953125, 2.9816219806671143, 3.034072160720825, 3.061875343322754, 3.084866523742676, 3.103242874145508, 3.130971908569336, 3.14640474319458, 3.1599373817443848, 3.165644884109497, 3.173065423965454, 3.186502695083618, 3.1898980140686035, 3.2048490047454834, 3.2267844676971436, 3.2506103515625, 3.2792153358459473, 3.2974729537963867, 3.312147617340088]","[1.8046235031702813, 2.039224558582418, 2.2557793789628517, 2.43624172927988, 2.598657844565205, 2.7249814897871247, 2.8513051350090444, 2.940445779165466, 3.03067695432398, 3.1028618944507906, 3.1738259490685836, 3.227964654163692, 3.2821033592588007, 3.318195829322206, 3.344469806943833, 3.3625160419755358, 3.3986085120389413, 3.416654747070644, 3.434700982102347, 3.434700982102347, 3.434700982102347, 3.4527472171340494, 3.45274721713405, 3.4707934521657533, 3.488839687197456, 3.5068859222291584, 3.539279062776423, 3.5573252978081262, 3.5746441663009016]"
22,129,2.3666043489356525e-06,3.071690571232466e-06,"[1.8046235031702813, 2.0338079929351807, 2.24867844581604, 2.4368577003479004, 2.595010280609131, 2.7237343788146973, 2.844998836517334, 2.9327378273010254, 3.0276196002960205, 3.1049153804779053, 3.174267292022705, 3.2317373752593994, 3.294262409210205, 3.329164743423462, 3.3574671745300293, 3.3797545433044434, 3.4103779792785645, 3.427482843399048, 3.441805362701416, 3.446604013442993, 3.4533233642578125, 3.466799736022949, 3.468334197998047, 3.483276605606079, 3.5049540996551514, 3.527927875518799, 3.555112600326538, 3.5711936950683594, 3.5828793048858643]","[1.8046235031702813, 2.039224558582418, 2.2557793789628517, 2.43624172927988, 2.598657844565205, 2.7249814897871247, 2.8513051350090444, 2.940445779165466, 3.03067695432398, 3.1028618944507906, 3.1738259490685836, 3.227964654163692, 3.2821033592588007, 3.318195829322206, 3.344469806943833, 3.3625160419755358, 3.3986085120389413, 3.416654747070644, 3.434700982102347, 3.434700982102347, 3.434700982102347, 3.4527472171340494, 3.45274721713405, 3.4707934521657533, 3.488839687197456, 3.5068859222291584, 3.539279062776423, 3.5573252978081262, 3.5746441663009016]"
23,129,2.014497340496746e-06,2.457972186675761e-06,"[1.8046235031702813, 2.033750534057617, 2.248504638671875, 2.436535596847534, 2.59486722946167, 2.72414493560791, 2.84488844871521, 2.9309144020080566, 3.02370285987854, 3.0994486808776855, 3.1697566509246826, 3.2273666858673096, 3.2909789085388184, 3.3244359493255615, 3.3510901927948, 3.371562957763672, 3.401657819747925, 3.4171395301818848, 3.430145263671875, 3.43424391746521, 3.440337657928467, 3.453103542327881, 3.4545295238494873, 3.4689431190490723, 3.490787982940674, 3.5141825675964355, 3.542311906814575, 3.5583298206329346, 3.5702297687530518]","[1.8046235031702813, 2.039224558582418, 2.2557793789628517, 2.43624172927988, 2.598657844565205, 2.7249814897871247, 2.8513051350090444, 2.940445779165466, 3.03067695432398, 3.1028618944507906, 3.1738259490685836, 3.227964654163692, 3.2821033592588007, 3.318195829322206, 3.344469806943833, 3.3625160419755358, 3.3986085120389413, 3.416654747070644, 3.434700982102347, 3.434700982102347, 3.434700982102347, 3.4527472171340494, 3.45274721713405, 3.4707934521657533, 3.488839687197456, 3.5068859222291584, 3.539279062776423, 3.5573252978081262, 3.5746441663009016]"
24,129,2.2185374746186426e-06,2.592350483610062e-06,"[1.8046235031702813, 2.033482551574707, 2.2480363845825195, 2.4357662200927734, 2.5933220386505127, 2.7211670875549316, 2.8415751457214355, 2.9280974864959717, 3.0219886302948, 3.0979232788085938, 3.166112184524536, 3.2224113941192627, 3.284306049346924, 3.3179001808166504, 3.3449618816375732, 3.366063356399536, 3.3960304260253906, 3.4121906757354736, 3.4258759021759033, 3.431058406829834, 3.43794584274292, 3.4509639739990234, 3.4532580375671387, 3.4676170349121094, 3.4889109134674072, 3.5116634368896484, 3.538872003555298, 3.554746627807617, 3.566723108291626]","[1.8046235031702813, 2.039224558582418, 2.2557793789628517, 2.43624172927988, 2.598657844565205, 2.7249814897871247, 2.8513051350090444, 2.940445779165466, 3.03067695432398, 3.1028618944507906, 3.1738259490685836, 3.227964654163692, 3.2821033592588007, 3.318195829322206, 3.344469806943833, 3.3625160419755358, 3.3986085120389413, 3.416654747070644, 3.434700982102347, 3.434700982102347, 3.434700982102347, 3.4527472171340494, 3.45274721713405, 3.4707934521657533, 3.488839687197456, 3.5068859222291584, 3.539279062776423, 3.5573252978081262, 3.5746441663009016]"
25,129,8.164421956280421e-07,6.646606038884784e-07,"[1.8046235031702813, 2.0336244106292725, 2.250117778778076, 2.4350790977478027, 2.5941946506500244, 2.7210519313812256, 2.839911699295044, 2.9222664833068848, 3.0128843784332275, 3.0858564376831055, 3.15283465385437, 3.2084500789642334, 3.2703309059143066, 3.3039140701293945, 3.3311281204223633, 3.3524792194366455, 3.383002281188965, 3.399641513824463, 3.4138312339782715, 3.4194090366363525, 3.4267139434814453, 3.440264940261841, 3.442932605743408, 3.457857847213745, 3.479893207550049, 3.5034985542297363, 3.5317251682281494, 3.5485072135925293, 3.5613367557525635]","[1.8046235031702813, 2.039224558582418, 2.2557793789628517, 2.43624172927988, 2.598657844565205, 2.7249814897871247, 2.8513051350090444, 2.940445779165466, 3.03067695432398, 3.1028618944507906, 3.1738259490685836, 3.227964654163692, 3.2821033592588007, 3.318195829322206, 3.344469806943833, 3.3625160419755358, 3.3986085120389413, 3.416654747070644, 3.434700982102347, 3.434700982102347, 3.434700982102347, 3.4527472171340494, 3.45274721713405, 3.4707934521657533, 3.488839687197456, 3.5068859222291584, 3.539279062776423, 3.5573252978081262, 3.5746441663009016]"
26,129,1.4141585779725574e-05,1.2440393220458645e-05,"[1.8046235031702813, 2.0303351879119873, 2.236800193786621, 2.411768913269043, 2.56282901763916, 2.6900603771209717, 2.8139843940734863, 2.9081101417541504, 3.0117251873016357, 3.0991861820220947, 3.1760363578796387, 3.238741874694824, 3.305314540863037, 3.3420932292938232, 3.371427297592163, 3.394115447998047, 3.4251601696014404, 3.441866874694824, 3.455815315246582, 3.4610543251037598, 3.4679253101348877, 3.480842113494873, 3.4828929901123047, 3.4970128536224365, 3.517923355102539, 3.5400843620300293, 3.5665035247802734, 3.581371307373047, 3.5922939777374268]","[1.8046235031702813, 2.039224558582418, 2.2557793789628517, 2.43624172927988, 2.598657844565205, 2.7249814897871247, 2.8513051350090444, 2.940445779165466, 3.03067695432398, 3.1028618944507906, 3.1738259490685836, 3.227964654163692, 3.2821033592588007, 3.318195829322206, 3.344469806943833, 3.3625160419755358, 3.3986085120389413, 3.416654747070644, 3.434700982102347, 3.434700982102347, 3.434700982102347, 3.4527472171340494, 3.45274721713405, 3.4707934521657533, 3.488839687197456, 3.5068859222291584, 3.539279062776423, 3.5573252978081262, 3.5746441663009016]"
27,129,1.1434823363742908e-06,1.1324655133648776e-06,"[1.8046235031702813, 2.03410005569458, 2.2511703968048096, 2.436657190322876, 2.5957281589508057, 2.729020595550537, 2.8527259826660156, 2.937993288040161, 3.028306245803833, 3.0995066165924072, 3.164257049560547, 3.2178826332092285, 3.2778525352478027, 3.3098578453063965, 3.335672616958618, 3.35578989982605, 3.385108232498169, 3.4007368087768555, 3.4140257835388184, 3.4188578128814697, 3.4254870414733887, 3.438377618789673, 3.440528392791748, 3.4548914432525635, 3.4763317108154297, 3.4993388652801514, 3.5269322395324707, 3.5431771278381348, 3.5555217266082764]","[1.8046235031702813, 2.039224558582418, 2.2557793789628517, 2.43624172927988, 2.598657844565205, 2.7249814897871247, 2.8513051350090444, 2.940445779165466, 3.03067695432398, 3.1028618944507906, 3.1738259490685836, 3.227964654163692, 3.2821033592588007, 3.318195829322206, 3.344469806943833, 3.3625160419755358, 3.3986085120389413, 3.416654747070644, 3.434700982102347, 3.434700982102347, 3.434700982102347, 3.4527472171340494, 3.45274721713405, 3.4707934521657533, 3.488839687197456, 3.5068859222291584, 3.539279062776423, 3.5573252978081262, 3.5746441663009016]"
28,129,8.417489152634516e-05,4.835318759432994e-05,"[1.8046235031702813, 2.026599884033203, 2.2209722995758057, 2.37689471244812, 2.503887414932251, 2.60335636138916, 2.697214365005493, 2.7589402198791504, 2.8295602798461914, 2.885014533996582, 2.9372847080230713, 2.981619358062744, 3.0340688228607178, 3.061870813369751, 3.0848615169525146, 3.1032373905181885, 3.1309661865234375, 3.1463983058929443, 3.1599302291870117, 3.165637254714966, 3.1730573177337646, 3.1864941120147705, 3.189889430999756, 3.2048401832580566, 3.2267751693725586, 3.2506003379821777, 3.279205083847046, 3.297462224960327, 3.31213641166687]","[1.8046235031702813, 2.039224558582418, 2.2557793789628517, 2.43624172927988, 2.598657844565205, 2.7249814897871247, 2.8513051350090444, 2.940445779165466, 3.03067695432398, 3.1028618944507906, 3.1738259490685836, 3.227964654163692, 3.2821033592588007, 3.318195829322206, 3.344469806943833, 3.3625160419755358, 3.3986085120389413, 3.416654747070644, 3.434700982102347, 3.434700982102347, 3.434700982102347, 3.4527472171340494, 3.45274721713405, 3.4707934521657533, 3.488839687197456, 3.5068859222291584, 3.539279062776423, 3.5573252978081262, 3.5746441663009016]"
29,129,8.417533535975963e-05,4.8351615987485275e-05,"[1.8046235031702813, 2.026599168777466, 2.22097110748291, 2.3768935203552246, 2.5038866996765137, 2.603355884552002, 2.697214126586914, 2.7589402198791504, 2.8295605182647705, 2.8850152492523193, 2.937286138534546, 2.981621742248535, 3.034071683883667, 3.0618746280670166, 3.0848658084869385, 3.1032419204711914, 3.1309709548950195, 3.1464037895202637, 3.1599361896514893, 3.1656436920166016, 3.1730642318725586, 3.1865012645721436, 3.189896583557129, 3.204847812652588, 3.226783275604248, 3.2506091594696045, 3.2792136669158936, 3.297471284866333, 3.3121461868286133]","[1.8046235031702813, 2.039224558582418, 2.2557793789628517, 2.43624172927988, 2.598657844565205, 2.7249814897871247, 2.8513051350090444, 2.940445779165466, 3.03067695432398, 3.1028618944507906, 3.1738259490685836, 3.227964654163692, 3.2821033592588007, 3.318195829322206, 3.344469806943833, 3.3625160419755358, 3.3986085120389413, 3.416654747070644, 3.434700982102347, 3.434700982102347, 3.434700982102347, 3.4527472171340494, 3.45274721713405, 3.4707934521657533, 3.488839687197456, 3.5068859222291584, 3.539279062776423, 3.5573252978081262, 3.5746441663009016]"
30,129,3.0317032724269666e-06,4.088738478458254e-06,"[1.8046235031702813, 2.0338070392608643, 2.248896360397339, 2.437181234359741, 2.59523868560791, 2.7232728004455566, 2.843907594680786, 2.9302244186401367, 3.024163246154785, 3.10141921043396, 3.174257755279541, 3.2379202842712402, 3.3063087463378906, 3.3432600498199463, 3.3723671436309814, 3.394538402557373, 3.4254531860351562, 3.4414007663726807, 3.4545671939849854, 3.4587647914886475, 3.4648194313049316, 3.477285861968994, 3.478485584259033, 3.4923830032348633, 3.5133543014526367, 3.535572052001953, 3.5621650218963623, 3.576646089553833, 3.587048292160034]","[1.8046235031702813, 2.039224558582418, 2.2557793789628517, 2.43624172927988, 2.598657844565205, 2.7249814897871247, 2.8513051350090444, 2.940445779165466, 3.03067695432398, 3.1028618944507906, 3.1738259490685836, 3.227964654163692, 3.2821033592588007, 3.318195829322206, 3.344469806943833, 3.3625160419755358, 3.3986085120389413, 3.416654747070644, 3.434700982102347, 3.434700982102347, 3.434700982102347, 3.4527472171340494, 3.45274721713405, 3.4707934521657533, 3.488839687197456, 3.5068859222291584, 3.539279062776423, 3.5573252978081262, 3.5746441663009016]"
31,129,6.879997090436518e-05,4.058992271893658e-05,"[1.8046235031702813, 2.027179718017578, 2.222912549972534, 2.3809051513671875, 2.5104384422302246, 2.6127805709838867, 2.709599494934082, 2.7745144367218018, 2.8481791019439697, 2.906740427017212, 2.9620521068573, 3.0093917846679688, 3.0647053718566895, 3.0954580307006836, 3.1212539672851562, 3.142282485961914, 3.172442674636841, 3.1896562576293945, 3.204638957977295, 3.2113356590270996, 3.2196571826934814, 3.2340407371520996, 3.2379157543182373, 3.253624200820923, 3.276378631591797, 3.300896167755127, 3.330158233642578, 3.348567485809326, 3.363191604614258]","[1.8046235031702813, 2.039224558582418, 2.2557793789628517, 2.43624172927988, 2.598657844565205, 2.7249814897871247, 2.8513051350090444, 2.940445779165466, 3.03067695432398, 3.1028618944507906, 3.1738259490685836, 3.227964654163692, 3.2821033592588007, 3.318195829322206, 3.344469806943833, 3.3625160419755358, 3.3986085120389413, 3.416654747070644, 3.434700982102347, 3.434700982102347, 3.434700982102347, 3.4527472171340494, 3.45274721713405, 3.4707934521657533, 3.488839687197456, 3.5068859222291584, 3.539279062776423, 3.5573252978081262, 3.5746441663009016]"
32,129,5.9588626754703e-05,3.445689435466193e-05,"[1.8046235031702813, 2.0294668674468994, 2.2288036346435547, 2.3916115760803223, 2.5257909297943115, 2.632091522216797, 2.732210874557495, 2.7981295585632324, 2.8728010654449463, 2.9309606552124023, 2.9853832721710205, 3.0311460494995117, 3.085207223892212, 3.113107442855835, 3.13590145111084, 3.153836250305176, 3.1816182136535645, 3.1964290142059326, 3.209289073944092, 3.213984489440918, 3.2205874919891357, 3.2335898876190186, 3.236070156097412, 3.250783920288086, 3.272824764251709, 3.296785831451416, 3.3256897926330566, 3.343623161315918, 3.357783794403076]","[1.8046235031702813, 2.039224558582418, 2.2557793789628517, 2.43624172927988, 2.598657844565205, 2.7249814897871247, 2.8513051350090444, 2.940445779165466, 3.03067695432398, 3.1028618944507906, 3.1738259490685836, 3.227964654163692, 3.2821033592588007, 3.318195829322206, 3.344469806943833, 3.3625160419755358, 3.3986085120389413, 3.416654747070644, 3.434700982102347, 3.434700982102347, 3.434700982102347, 3.4527472171340494, 3.45274721713405, 3.4707934521657533, 3.488839687197456, 3.5068859222291584, 3.539279062776423, 3.5573252978081262, 3.5746441663009016]"
33,129,1.9878709736076416e-06,1.975997975023347e-06,"[1.8046235031702813, 2.0334103107452393, 2.2488181591033936, 2.4325544834136963, 2.589442253112793, 2.720158338546753, 2.8459506034851074, 2.9375908374786377, 3.0324864387512207, 3.106297492980957, 3.1728155612945557, 3.2277863025665283, 3.2886791229248047, 3.321434259414673, 3.3478174209594727, 3.3683671951293945, 3.3979320526123047, 3.4137535095214844, 3.4271678924560547, 3.431981086730957, 3.4386134147644043, 3.451530933380127, 3.45347261428833, 3.4678266048431396, 3.489166498184204, 3.5120019912719727, 3.5393383502960205, 3.555333137512207, 3.567317485809326]","[1.8046235031702813, 2.039224558582418, 2.2557793789628517, 2.43624172927988, 2.598657844565205, 2.7249814897871247, 2.8513051350090444, 2.940445779165466, 3.03067695432398, 3.1028618944507906, 3.1738259490685836, 3.227964654163692, 3.2821033592588007, 3.318195829322206, 3.344469806943833, 3.3625160419755358, 3.3986085120389413, 3.416654747070644, 3.434700982102347, 3.434700982102347, 3.434700982102347, 3.4527472171340494, 3.45274721713405, 3.4707934521657533, 3.488839687197456, 3.5068859222291584, 3.539279062776423, 3.5573252978081262, 3.5746441663009016]"
34,129,112.04869079589844,17.38726806640625,"[1.8046235031702813, 0.5637384653091431, 0.7679589986801147, 0.7379059195518494, 0.7418820858001709, 0.7403278946876526, 0.7413911819458008, 0.7392170429229736, 0.741257905960083, 0.740309476852417, 0.7408163547515869, 0.740572452545166, 0.7419514656066895, 0.7398795485496521, 0.7400282621383667, 0.7398061752319336, 0.7409830093383789, 0.7398879528045654, 0.7400344014167786, 0.739381730556488, 0.7397136092185974, 0.7403456568717957, 0.7393973469734192, 0.740728497505188, 0.7413873076438904, 0.7417132258415222, 0.7423946857452393, 0.7415660619735718, 0.74152672290802]","[1.8046235031702813, 2.039224558582418, 2.2557793789628517, 2.43624172927988, 2.598657844565205, 2.7249814897871247, 2.8513051350090444, 2.940445779165466, 3.03067695432398, 3.1028618944507906, 3.1738259490685836, 3.227964654163692, 3.2821033592588007, 3.318195829322206, 3.344469806943833, 3.3625160419755358, 3.3986085120389413, 3.416654747070644, 3.434700982102347, 3.434700982102347, 3.434700982102347, 3.4527472171340494, 3.45274721713405, 3.4707934521657533, 3.488839687197456, 3.5068859222291584, 3.539279062776423, 3.5573252978081262, 3.5746441663009016]"
35,129,3.1369656880997354e-06,3.534815505190636e-06,"[1.8046235031702813, 2.0334315299987793, 2.247924327850342, 2.435729503631592, 2.5929667949676514, 2.7196195125579834, 2.838111400604248, 2.922315835952759, 3.013457775115967, 3.087815761566162, 3.1575069427490234, 3.2179436683654785, 3.2853403091430664, 3.3254051208496094, 3.3570168018341064, 3.3811678886413574, 3.4143872261047363, 3.4317471981048584, 3.446089267730713, 3.450915813446045, 3.4576315879821777, 3.4710421562194824, 3.472550392150879, 3.48738431930542, 3.5096359252929688, 3.53317928314209, 3.561311960220337, 3.5766828060150146, 3.5877459049224854]","[1.8046235031702813, 2.039224558582418, 2.2557793789628517, 2.43624172927988, 2.598657844565205, 2.7249814897871247, 2.8513051350090444, 2.940445779165466, 3.03067695432398, 3.1028618944507906, 3.1738259490685836, 3.227964654163692, 3.2821033592588007, 3.318195829322206, 3.344469806943833, 3.3625160419755358, 3.3986085120389413, 3.416654747070644, 3.434700982102347, 3.434700982102347, 3.434700982102347, 3.4527472171340494, 3.45274721713405, 3.4707934521657533, 3.488839687197456, 3.5068859222291584, 3.539279062776423, 3.5573252978081262, 3.5746441663009016]"
36,129,4.170311058260268e-06,3.2068651307781693e-06,"[1.8046235031702813, 2.0345406532287598, 2.2501325607299805, 2.4388465881347656, 2.5982096195220947, 2.729287624359131, 2.851341962814331, 2.933321475982666, 3.020653247833252, 3.0882043838500977, 3.1496596336364746, 3.200453281402588, 3.258155584335327, 3.287994146347046, 3.311925172805786, 3.3303961753845215, 3.3584275245666504, 3.3728365898132324, 3.3850691318511963, 3.3889148235321045, 3.3947196006774902, 3.406975746154785, 3.408477306365967, 3.4224162101745605, 3.4435863494873047, 3.4664037227630615, 3.493913173675537, 3.509995937347412, 3.5221786499023438]","[1.8046235031702813, 2.039224558582418, 2.2557793789628517, 2.43624172927988, 2.598657844565205, 2.7249814897871247, 2.8513051350090444, 2.940445779165466, 3.03067695432398, 3.1028618944507906, 3.1738259490685836, 3.227964654163692, 3.2821033592588007, 3.318195829322206, 3.344469806943833, 3.3625160419755358, 3.3986085120389413, 3.416654747070644, 3.434700982102347, 3.434700982102347, 3.434700982102347, 3.4527472171340494, 3.45274721713405, 3.4707934521657533, 3.488839687197456, 3.5068859222291584, 3.539279062776423, 3.5573252978081262, 3.5746441663009016]"
37,129,2.8914414542668965e-06,1.353811740045785e-06,"[1.8046235031702813, 2.033036470413208, 2.2481577396392822, 2.431884765625, 2.5868680477142334, 2.71384859085083, 2.8358314037323, 2.9239304065704346, 3.018742322921753, 3.0930540561676025, 3.159984827041626, 3.2155654430389404, 3.276401996612549, 3.3102667331695557, 3.3377773761749268, 3.3594753742218018, 3.3894712924957275, 3.406238555908203, 3.420522451400757, 3.4265940189361572, 3.4341535568237305, 3.4474399089813232, 3.4504470825195312, 3.464836835861206, 3.4857888221740723, 3.5081229209899902, 3.5346996784210205, 3.5505049228668213, 3.562570571899414]","[1.8046235031702813, 2.039224558582418, 2.2557793789628517, 2.43624172927988, 2.598657844565205, 2.7249814897871247, 2.8513051350090444, 2.940445779165466, 3.03067695432398, 3.1028618944507906, 3.1738259490685836, 3.227964654163692, 3.2821033592588007, 3.318195829322206, 3.344469806943833, 3.3625160419755358, 3.3986085120389413, 3.416654747070644, 3.434700982102347, 3.434700982102347, 3.434700982102347, 3.4527472171340494, 3.45274721713405, 3.4707934521657533, 3.488839687197456, 3.5068859222291584, 3.539279062776423, 3.5573252978081262, 3.5746441663009016]"
38,129,2.32647948905651e-06,3.081722070419346e-06,"[1.8046235031702813, 2.034027576446533, 2.2497591972351074, 2.4379820823669434, 2.59659481048584, 2.7257485389709473, 2.847028970718384, 2.933511734008789, 3.02740478515625, 3.104330062866211, 3.17665958404541, 3.2396464347839355, 3.3074951171875, 3.3439571857452393, 3.3726561069488525, 3.3944849967956543, 3.4251458644866943, 3.4408602714538574, 3.4538323879241943, 3.457852363586426, 3.463764190673828, 3.4761295318603516, 3.4772233963012695, 3.491062641143799, 3.5120091438293457, 3.534219264984131, 3.5608267784118652, 3.575303316116333, 3.585698366165161]","[1.8046235031702813, 2.039224558582418, 2.2557793789628517, 2.43624172927988, 2.598657844565205, 2.7249814897871247, 2.8513051350090444, 2.940445779165466, 3.03067695432398, 3.1028618944507906, 3.1738259490685836, 3.227964654163692, 3.2821033592588007, 3.318195829322206, 3.344469806943833, 3.3625160419755358, 3.3986085120389413, 3.416654747070644, 3.434700982102347, 3.434700982102347, 3.434700982102347, 3.4527472171340494, 3.45274721713405, 3.4707934521657533, 3.488839687197456, 3.5068859222291584, 3.539279062776423, 3.5573252978081262, 3.5746441663009016]"
39,129,7.730684956186451e-06,5.469565167004475e-06,"[1.8046235031702813, 2.0323867797851562, 2.2428667545318604, 2.4233298301696777, 2.580416202545166, 2.7113044261932373, 2.837517738342285, 2.930276393890381, 3.0261616706848145, 3.1021370887756348, 3.1710970401763916, 3.228966236114502, 3.292250633239746, 3.3287129402160645, 3.3587565422058105, 3.382796287536621, 3.414478063583374, 3.432190179824829, 3.4470198154449463, 3.453317880630493, 3.460984230041504, 3.474266767501831, 3.4770429134368896, 3.4912266731262207, 3.511809825897217, 3.533522605895996, 3.5592496395111084, 3.5739028453826904, 3.5847392082214355]","[1.8046235031702813, 2.039224558582418, 2.2557793789628517, 2.43624172927988, 2.598657844565205, 2.7249814897871247, 2.8513051350090444, 2.940445779165466, 3.03067695432398, 3.1028618944507906, 3.1738259490685836, 3.227964654163692, 3.2821033592588007, 3.318195829322206, 3.344469806943833, 3.3625160419755358, 3.3986085120389413, 3.416654747070644, 3.434700982102347, 3.434700982102347, 3.434700982102347, 3.4527472171340494, 3.45274721713405, 3.4707934521657533, 3.488839687197456, 3.5068859222291584, 3.539279062776423, 3.5573252978081262, 3.5746441663009016]"
40,129,8.417539356742054e-05,4.835064464714378e-05,"[1.8046235031702813, 2.0265989303588867, 2.220970869064331, 2.3768932819366455, 2.5038862228393555, 2.603355646133423, 2.697213888168335, 2.7589399814605713, 2.8295605182647705, 2.8850152492523193, 2.937285900115967, 2.981621265411377, 3.034071207046509, 3.0618739128112793, 3.084865093231201, 3.103241205215454, 3.1309704780578613, 3.1464030742645264, 3.159935712814331, 3.1656429767608643, 3.1730635166168213, 3.1865007877349854, 3.18989634513855, 3.2048473358154297, 3.226783037185669, 3.2506089210510254, 3.2792136669158936, 3.297471046447754, 3.312145709991455]","[1.8046235031702813, 2.039224558582418, 2.2557793789628517, 2.43624172927988, 2.598657844565205, 2.7249814897871247, 2.8513051350090444, 2.940445779165466, 3.03067695432398, 3.1028618944507906, 3.1738259490685836, 3.227964654163692, 3.2821033592588007, 3.318195829322206, 3.344469806943833, 3.3625160419755358, 3.3986085120389413, 3.416654747070644, 3.434700982102347, 3.434700982102347, 3.434700982102347, 3.4527472171340494, 3.45274721713405, 3.4707934521657533, 3.488839687197456, 3.5068859222291584, 3.539279062776423, 3.5573252978081262, 3.5746441663009016]"
41,129,9.306414199272695e-07,4.887893965133117e-07,"[1.8046235031702813, 2.0329971313476562, 2.248812675476074, 2.433011531829834, 2.5892889499664307, 2.716921806335449, 2.8353309631347656, 2.916285276412964, 3.0035858154296875, 3.0724871158599854, 3.1360316276550293, 3.1895787715911865, 3.250195026397705, 3.283785343170166, 3.3114819526672363, 3.3336527347564697, 3.3650104999542236, 3.3829360008239746, 3.398484706878662, 3.4055447578430176, 3.414193630218506, 3.4289252758026123, 3.4329450130462646, 3.448920249938965, 3.47196102142334, 3.496697187423706, 3.5261447429656982, 3.5445070266723633, 3.5589916706085205]","[1.8046235031702813, 2.039224558582418, 2.2557793789628517, 2.43624172927988, 2.598657844565205, 2.7249814897871247, 2.8513051350090444, 2.940445779165466, 3.03067695432398, 3.1028618944507906, 3.1738259490685836, 3.227964654163692, 3.2821033592588007, 3.318195829322206, 3.344469806943833, 3.3625160419755358, 3.3986085120389413, 3.416654747070644, 3.434700982102347, 3.434700982102347, 3.434700982102347, 3.4527472171340494, 3.45274721713405, 3.4707934521657533, 3.488839687197456, 3.5068859222291584, 3.539279062776423, 3.5573252978081262, 3.5746441663009016]"
42,129,3.096396767432452e-06,2.2566971438209293e-06,"[1.8046235031702813, 2.0341081619262695, 2.249149799346924, 2.4361016750335693, 2.593400239944458, 2.7215936183929443, 2.8424761295318604, 2.930114269256592, 3.0249016284942627, 3.1016809940338135, 3.170319080352783, 3.226693868637085, 3.2885985374450684, 3.3216938972473145, 3.348167657852173, 3.3686273097991943, 3.3981103897094727, 3.413606643676758, 3.426567316055298, 3.430712938308716, 3.4367308616638184, 3.4491524696350098, 3.4504482746124268, 3.4643478393554688, 3.4853408336639404, 3.50766921043396, 3.5344340801239014, 3.5492687225341797, 3.560067892074585]","[1.8046235031702813, 2.039224558582418, 2.2557793789628517, 2.43624172927988, 2.598657844565205, 2.7249814897871247, 2.8513051350090444, 2.940445779165466, 3.03067695432398, 3.1028618944507906, 3.1738259490685836, 3.227964654163692, 3.2821033592588007, 3.318195829322206, 3.344469806943833, 3.3625160419755358, 3.3986085120389413, 3.416654747070644, 3.434700982102347, 3.434700982102347, 3.434700982102347, 3.4527472171340494, 3.45274721713405, 3.4707934521657533, 3.488839687197456, 3.5068859222291584, 3.539279062776423, 3.5573252978081262, 3.5746441663009016]"
43,129,1.1477541193016805e-05,9.356681403005496e-06,"[1.8046235031702813, 2.031820774078369, 2.240758180618286, 2.419264793395996, 2.574704885482788, 2.7070472240448, 2.836494207382202, 2.9339494705200195, 3.032803773880005, 3.1095943450927734, 3.1781516075134277, 3.234539747238159, 3.2960269451141357, 3.329413652420044, 3.356201648712158, 3.3770055770874023, 3.406404495239258, 3.4221489429473877, 3.435418128967285, 3.440319776535034, 3.4468994140625, 3.459487199783325, 3.461535930633545, 3.4754321575164795, 3.496096134185791, 3.5181355476379395, 3.5444893836975098, 3.559669256210327, 3.5710182189941406]","[1.8046235031702813, 2.039224558582418, 2.2557793789628517, 2.43624172927988, 2.598657844565205, 2.7249814897871247, 2.8513051350090444, 2.940445779165466, 3.03067695432398, 3.1028618944507906, 3.1738259490685836, 3.227964654163692, 3.2821033592588007, 3.318195829322206, 3.344469806943833, 3.3625160419755358, 3.3986085120389413, 3.416654747070644, 3.434700982102347, 3.434700982102347, 3.434700982102347, 3.4527472171340494, 3.45274721713405, 3.4707934521657533, 3.488839687197456, 3.5068859222291584, 3.539279062776423, 3.5573252978081262, 3.5746441663009016]"
44,129,3.6964293030905537e-06,3.483342652543797e-06,"[1.8046235031702813, 2.0348384380340576, 2.251283645629883, 2.441283702850342, 2.6011290550231934, 2.730818271636963, 2.8529257774353027, 2.940680503845215, 3.0358662605285645, 3.113347291946411, 3.181899070739746, 3.237457275390625, 3.2984793186187744, 3.329667568206787, 3.354147434234619, 3.3725955486297607, 3.400489091873169, 3.4140758514404297, 3.4253413677215576, 3.4280169010162354, 3.432807683944702, 3.44423246383667, 3.4446330070495605, 3.4578466415405273, 3.4783060550689697, 3.5002009868621826, 3.526634931564331, 3.5411386489868164, 3.551643133163452]","[1.8046235031702813, 2.039224558582418, 2.2557793789628517, 2.43624172927988, 2.598657844565205, 2.7249814897871247, 2.8513051350090444, 2.940445779165466, 3.03067695432398, 3.1028618944507906, 3.1738259490685836, 3.227964654163692, 3.2821033592588007, 3.318195829322206, 3.344469806943833, 3.3625160419755358, 3.3986085120389413, 3.416654747070644, 3.434700982102347, 3.434700982102347, 3.434700982102347, 3.4527472171340494, 3.45274721713405, 3.4707934521657533, 3.488839687197456, 3.5068859222291584, 3.539279062776423, 3.5573252978081262, 3.5746441663009016]"
45,129,1.4490370858766255e-06,4.6419214072557224e-07,"[1.8046235031702813, 2.0341193675994873, 2.251877546310425, 2.4375758171081543, 2.5950000286102295, 2.724348545074463, 2.8464066982269287, 2.931002616882324, 3.0219624042510986, 3.0926687717437744, 3.1569886207580566, 3.2103304862976074, 3.270496368408203, 3.302325487136841, 3.3280115127563477, 3.348019599914551, 3.377570867538452, 3.3932299613952637, 3.4065723419189453, 3.4113190174102783, 3.4179434776306152, 3.4310147762298584, 3.433133125305176, 3.4477713108062744, 3.469696283340454, 3.493274688720703, 3.521596670150757, 3.538349151611328, 3.551128387451172]","[1.8046235031702813, 2.039224558582418, 2.2557793789628517, 2.43624172927988, 2.598657844565205, 2.7249814897871247, 2.8513051350090444, 2.940445779165466, 3.03067695432398, 3.1028618944507906, 3.1738259490685836, 3.227964654163692, 3.2821033592588007, 3.318195829322206, 3.344469806943833, 3.3625160419755358, 3.3986085120389413, 3.416654747070644, 3.434700982102347, 3.434700982102347, 3.434700982102347, 3.4527472171340494, 3.45274721713405, 3.4707934521657533, 3.488839687197456, 3.5068859222291584, 3.539279062776423, 3.5573252978081262, 3.5746441663009016]"
46,129,4.70716668132809e-06,4.0503318814444356e-06,"[1.8046235031702813, 2.0339081287384033, 2.2480087280273438, 2.431377649307251, 2.5889272689819336, 2.721102714538574, 2.848961114883423, 2.9431447982788086, 3.039787769317627, 3.1145663261413574, 3.1815457344055176, 3.2365620136260986, 3.297274589538574, 3.329477548599243, 3.3552136421203613, 3.3750650882720947, 3.403977394104004, 3.4186947345733643, 3.430886745452881, 3.4341607093811035, 3.4395127296447754, 3.451582193374634, 3.4522855281829834, 3.4660656452178955, 3.4872097969055176, 3.509765863418579, 3.5369198322296143, 3.5518035888671875, 3.562566041946411]","[1.8046235031702813, 2.039224558582418, 2.2557793789628517, 2.43624172927988, 2.598657844565205, 2.7249814897871247, 2.8513051350090444, 2.940445779165466, 3.03067695432398, 3.1028618944507906, 3.1738259490685836, 3.227964654163692, 3.2821033592588007, 3.318195829322206, 3.344469806943833, 3.3625160419755358, 3.3986085120389413, 3.416654747070644, 3.434700982102347, 3.434700982102347, 3.434700982102347, 3.4527472171340494, 3.45274721713405, 3.4707934521657533, 3.488839687197456, 3.5068859222291584, 3.539279062776423, 3.5573252978081262, 3.5746441663009016]"
47,129,7.809262569935527e-07,5.546939974010456e-07,"[1.8046235031702813, 2.0337953567504883, 2.250884532928467, 2.4360291957855225, 2.5937252044677734, 2.7248573303222656, 2.8466999530792236, 2.931349754333496, 3.021559953689575, 3.093331813812256, 3.159425973892212, 3.215064525604248, 3.2770841121673584, 3.3101398944854736, 3.3367462158203125, 3.357433319091797, 3.3875746726989746, 3.403563976287842, 3.417130470275879, 3.4219748973846436, 3.4286820888519287, 3.4418489933013916, 3.443938970565796, 3.4586310386657715, 3.4806089401245117, 3.504180669784546, 3.5324599742889404, 3.5490152835845947, 3.5615484714508057]","[1.8046235031702813, 2.039224558582418, 2.2557793789628517, 2.43624172927988, 2.598657844565205, 2.7249814897871247, 2.8513051350090444, 2.940445779165466, 3.03067695432398, 3.1028618944507906, 3.1738259490685836, 3.227964654163692, 3.2821033592588007, 3.318195829322206, 3.344469806943833, 3.3625160419755358, 3.3986085120389413, 3.416654747070644, 3.434700982102347, 3.434700982102347, 3.434700982102347, 3.4527472171340494, 3.45274721713405, 3.4707934521657533, 3.488839687197456, 3.5068859222291584, 3.539279062776423, 3.5573252978081262, 3.5746441663009016]"
48,129,1.2477569725888316e-05,9.83035806711996e-06,"[1.8046235031702813, 2.0343592166900635, 2.247460126876831, 2.431460380554199, 2.593491792678833, 2.7333130836486816, 2.8627877235412598, 2.9495058059692383, 3.0395843982696533, 3.10835337638855, 3.1699185371398926, 3.2200095653533936, 3.2763302326202393, 3.304391384124756, 3.3264312744140625, 3.342994213104248, 3.3690550327301025, 3.3814916610717773, 3.3918542861938477, 3.3940021991729736, 3.3982906341552734, 3.409115791320801, 3.409311294555664, 3.4220082759857178, 3.441845655441284, 3.463191270828247, 3.489055633544922, 3.5034165382385254, 3.5139191150665283]","[1.8046235031702813, 2.039224558582418, 2.2557793789628517, 2.43624172927988, 2.598657844565205, 2.7249814897871247, 2.8513051350090444, 2.940445779165466, 3.03067695432398, 3.1028618944507906, 3.1738259490685836, 3.227964654163692, 3.2821033592588007, 3.318195829322206, 3.344469806943833, 3.3625160419755358, 3.3986085120389413, 3.416654747070644, 3.434700982102347, 3.434700982102347, 3.434700982102347, 3.4527472171340494, 3.45274721713405, 3.4707934521657533, 3.488839687197456, 3.5068859222291584, 3.539279062776423, 3.5573252978081262, 3.5746441663009016]"
49,129,9.27262499317294e-06,6.638064860453596e-06,"[1.8046235031702813, 2.031865119934082, 2.241772174835205, 2.421806812286377, 2.5792298316955566, 2.713871717453003, 2.8386247158050537, 2.9237072467803955, 3.0138795375823975, 3.084379196166992, 3.1486754417419434, 3.202261209487915, 3.2624948024749756, 3.2950527667999268, 3.321523427963257, 3.3423526287078857, 3.3724069595336914, 3.38883638381958, 3.402909278869629, 3.4084949493408203, 3.4158082008361816, 3.429335594177246, 3.4321084022521973, 3.447033643722534, 3.4690535068511963, 3.492694139480591, 3.520981788635254, 3.537989377975464, 3.5510950088500977]","[1.8046235031702813, 2.039224558582418, 2.2557793789628517, 2.43624172927988, 2.598657844565205, 2.7249814897871247, 2.8513051350090444, 2.940445779165466, 3.03067695432398, 3.1028618944507906, 3.1738259490685836, 3.227964654163692, 3.2821033592588007, 3.318195829322206, 3.344469806943833, 3.3625160419755358, 3.3986085120389413, 3.416654747070644, 3.434700982102347, 3.434700982102347, 3.434700982102347, 3.4527472171340494, 3.45274721713405, 3.4707934521657533, 3.488839687197456, 3.5068859222291584, 3.539279062776423, 3.5573252978081262, 3.5746441663009016]"
