dim_hidden,seed,n_params,train_loss,test_loss,abs_rel_err_median,abs_rel_err_max,abs_rel_err_10_percentile,abs_rel_err_90_percentile
1,0,7,0.0060870433226227,0.0014795248862355,0.3595214317458834,0.3963239595625381,0.112987580317973,0.3867143756744194
1,1,7,0.0081312386319041,0.002276234794408,0.3643981319462846,0.4020581136622201,0.1170506886485563,0.3920458787686789
1,2,7,0.0108372690156102,0.00359364785254,0.3694479179699923,0.4080760641362771,0.1224270053927982,0.397849159357852
1,3,7,0.0171879436820745,0.0068903132341802,0.3822907007120771,0.4207579936818523,0.1402121716645401,0.4106879252099048
1,4,7,0.0091510722413659,0.002768378239125,0.3743614024722165,0.4120763591176856,0.1313991756362566,0.4021342898877034
1,5,7,0.0468709021806716,0.0305470637977123,0.3444901969075522,0.3833994524814513,0.0857753855073855,0.3727320854531372
1,6,7,0.0082554593682289,0.0023159927222877,0.3644140290379639,0.4021537573756992,0.1168575347406578,0.3921124519179425
1,7,7,0.0114668849855661,0.003908198326826,0.3692950064827631,0.4079202595932595,0.1225946295140504,0.3977077177368234
1,8,7,0.0048049050383269,0.0013814596459269,0.3634717520970803,0.4010397815719831,0.1190637814953771,0.3912640234374142
1,9,7,0.0077402298338711,0.0021264592651277,0.3636260893324421,0.4011208186095543,0.1163384930161848,0.3911630077266074
1,10,7,0.0079994117841124,0.0021947654895484,0.3639640629272923,0.4015201344481873,0.116272659220935,0.3915204727252275
1,11,7,0.0074167186394333,0.0019202334806323,0.3631564478975397,0.4004155629426585,0.1156300287145245,0.3905197896023272
1,12,7,0.0124797988682985,0.0044270399957895,0.3672152676816331,0.4060097864210857,0.1196073759396212,0.3957512509472033
1,13,7,0.008901584893465,0.0024952159728854,0.3668330958946701,0.404688048994296,0.1197644504005017,0.3946133611418382
1,14,7,0.010877376422286,0.0037092601414769,0.3673054462510247,0.405770477045937,0.1206771122842128,0.3955984455583621
1,15,7,0.0114047834649682,0.0038115719798952,0.3694559734469419,0.4081593021798071,0.1221393257450636,0.3979103624646529
1,16,7,0.0310616735368967,0.0170747712254524,0.370782845946614,0.4065661073514412,0.12219104139371,0.396680469773475
1,17,7,0.0076688379049301,0.0019990373402833,0.3634922828701908,0.4008212817077169,0.1159338558016034,0.3908970377058684
1,18,7,0.0094978362321853,0.0029497102368623,0.3669623399628969,0.4051777394715373,0.1194674792225785,0.3950094312301335
1,19,7,0.0210026390850543,0.0100959865376353,0.354519051847587,0.3929727612475029,0.1021293781984067,0.3826396416399367
1,20,7,0.0035092853941023,0.0012359169777482,0.3665751780574696,0.4043577647061866,0.1244660969870493,0.3945907610809865
1,21,7,0.0114177502691745,0.0038885094691067,0.3536529811443948,0.3913005969932239,0.104381702894586,0.3813490508278937
1,22,7,0.0112076876685023,0.0036977545823901,0.3754717038305355,0.4136228659408664,0.1320118638969592,0.4035696229551166
1,23,7,0.3219282627105713,0.2452554255723953,0.3251909137466579,0.3686463763287154,0.1000250320213557,0.3576263812951515
1,24,7,0.0190821662545204,0.008257683366537,0.3749599315383126,0.4144837260593291,0.1289235762838687,0.4042342155192195
1,25,7,0.0119169782847166,0.0041052610613405,0.3699345258076736,0.4087801859516185,0.1227932316658469,0.3985212634390426
1,26,7,0.0418833047151565,0.026436386629939,0.3465434880808212,0.384985043834687,0.0887504727202432,0.3744115031660617
1,27,7,0.0101478472352027,0.0032969682943075,0.3650064986744961,0.4032628642874461,0.1181664872764849,0.3931422708318931
1,28,7,0.0279833320528268,0.0151291899383068,0.3518107006947615,0.390581468319073,0.0977561090699907,0.3801350665572613
1,29,7,0.0134997013956308,0.0048833172768354,0.3709110919911479,0.4100098813110434,0.1238238673285876,0.3997297575214467
1,30,7,0.0038581427652388,0.0013592430623248,0.3670423244331399,0.4049699111513133,0.1243973930578534,0.3951268688471133
1,31,7,0.0073748948052525,0.0019084366504102,0.3628613180340764,0.4001090228400433,0.1152991459567128,0.3902201745289733
1,32,7,0.0084224445745348,0.002373905852437,0.3651403764241541,0.4028788887933739,0.1175187866698468,0.3928222377279736
1,33,7,0.00601591123268,0.0015280542429536,0.359378286633363,0.3962866758555403,0.1129007380190932,0.3866430021128315
1,34,7,0.0788854584097862,0.0446485541760921,0.6363538139737136,0.6596920306174371,0.4902298748822702,0.6537424788855324
1,35,7,0.3144541382789612,0.2415862530469894,0.3275424001418754,0.3707624101180041,0.0968404098711591,0.3597649081516795
1,36,7,0.1340422481298446,0.1072906926274299,0.3364188228662707,0.377316872468788,0.0803969981566309,0.3662982410633919
1,37,7,0.0038558393716812,0.0012820430565625,0.3656945647233241,0.4034493495195854,0.1229196224688954,0.3936705180855133
1,38,7,0.007227259222418,0.0019052876159548,0.3621939966205788,0.3994496548125293,0.114620064122863,0.389568837352628
1,39,7,0.0055398517288267,0.0012937468709424,0.3567728744957165,0.3930891477747142,0.1112042853014027,0.383768285590259
1,40,7,0.0105997882783412,0.0035307977814227,0.3684243733855464,0.4069705588706446,0.1209964377814378,0.3967414017702853
1,41,7,0.0079519748687744,0.0020923698320984,0.3653670703772491,0.4027805104967339,0.1190142391942032,0.3928656181260107
1,42,7,0.0115222632884979,0.0039107319898903,0.3694489872810918,0.4081683062950928,0.1223295077412166,0.3979258523491303
1,43,7,0.2616905272006988,0.2056494951248169,0.3285079167773215,0.3714980129882702,0.0891611785942068,0.3604876796200661
1,44,7,0.0083975913003087,0.0023497962392866,0.363312638605474,0.401061458145819,0.1160666593889268,0.3910524863339042
1,45,7,0.0043566776439547,0.0011741302441805,0.3584198274511736,0.3952510025062345,0.1144304004105814,0.3858296905542534
1,46,7,0.0086834132671356,0.0024700509384274,0.3595770359230576,0.3970913102763301,0.1131571499610079,0.3872421712781018
1,47,7,0.0029373448342084,0.0011984496377408,0.3679925142761597,0.4058114957933497,0.1272008077417572,0.3960682145172871
1,48,7,0.0080854659900069,0.0021962344180792,0.3640784079275327,0.4016333862093363,0.1164438432164513,0.3916356973841564
1,49,7,0.0074587170965969,0.002030148403719,0.3616443707154334,0.3989949803391768,0.1149881200475843,0.3891408261687842
2,0,15,0.0065472950227558,0.0015899739228188,0.3532740172907304,0.3899595173928574,0.1178752665442337,0.3810936381869176
2,1,15,0.0010100144427269,0.0003720045788213,0.3249296454013456,0.3585336210113253,0.1076387584548139,0.3536336483726528
2,2,15,0.0009932690300047,0.0004614986828528,0.346496438392443,0.3824682935666099,0.1194371940639769,0.3747506768978115
2,3,15,0.0080146482214331,0.0018152819247916,0.3655867068770874,0.402833001153992,0.1209610919174824,0.3930691391553624
2,4,15,0.000745276978705,0.0003424385795369,0.3217090942318573,0.3554063250297277,0.1082943460580074,0.3504857367361039
2,5,15,0.0014648957876488,0.0001067725606844,0.0221945072549267,0.0332428818451203,0.0111516804415708,0.0273060586464455
2,6,15,0.0015389823820441,0.0006337512750178,0.3586471629909283,0.3955397344697292,0.1247043494208141,0.3866761295968945
2,7,15,0.001945576397702,0.0006383047439157,0.3478767051596836,0.3842420375807415,0.1133694247858086,0.3758828292954284
2,8,15,0.008862248621881,0.0026683313772082,0.3569670613913865,0.3944448340509887,0.1096068193227912,0.3845997666717926
2,9,15,0.0028163364622741,0.0006717443466186,0.3261165807217958,0.3602041845339979,0.0941139036121618,0.3542757688478453
2,10,15,0.0010171371977776,0.0004694782546721,0.3473201643760947,0.3832054304713321,0.1195777977452731,0.3754746046930341
2,11,15,0.0001855519949458,3.783825013670139e-05,0.0091403350585794,0.0241057057446477,0.0006327283596642,0.0227448883810315
2,12,15,0.0010835794964805,0.0004731543886009,0.3507459519892813,0.3866676795415575,0.1221613872574653,0.3788138056751207
2,13,15,0.0009863479062914,0.0004699603305198,0.3477614334231571,0.3835576581218785,0.1198472192386828,0.375859325785366
2,14,15,0.0002151569351553,3.9209207898238674e-05,0.0337191014805068,0.0390361681847613,0.0114947907518594,0.0375895790872825
2,15,15,0.0001969495933735,4.194177745375782e-05,0.0145635245182342,0.0321179677087608,0.0010057477173639,0.0306570427571711
2,16,15,0.0001925912656588,5.162557863513939e-05,0.0109960888280666,0.0339937583627971,0.0014249841462236,0.0308065503923023
2,17,15,0.003634622786194,0.0006644480163231,0.3525175153315341,0.3876058416571767,0.1169177582304366,0.3795876734723382
2,18,15,0.0012749596498906,0.0005407562712207,0.3567460704308222,0.3932366151739488,0.1250436022282758,0.3847600458671248
2,19,15,0.0066409027203917,0.0016726445173844,0.3643624169555611,0.4009477395046182,0.1231372766418529,0.391571174581464
2,20,15,0.001350347418338,0.000546472670976,0.3526694287950704,0.3895312549910096,0.1223126752589909,0.3809890434393223
2,21,15,0.0003480256709735,0.000108010477561,0.0183026998854257,0.0578366456577042,0.0024653813827324,0.0525672810977655
2,22,15,0.0030738776549696,0.0004818761954084,0.3386932475749172,0.3724745259652914,0.1116833416600752,0.3665269282362966
2,23,15,0.000937701028306,0.0004138436634093,0.337494050820526,0.3727896700002908,0.1142719034092263,0.3659088685972458
2,24,15,0.0012726089917123,0.0004829842073377,0.3492660254275668,0.3854291801582977,0.121101661150908,0.3774518747140295
2,25,15,0.0013281035935506,0.0006049596122466,0.3525926522581259,0.38924125578166,0.1202910158530764,0.3806799200130601
2,26,15,0.0029181994032114,0.000615720404312,0.3246377234711808,0.3594034852450737,0.0949160856945115,0.3527763080529266
2,27,15,0.0004057447367813,0.0001511533482698,0.0810164153525629,0.1271878030546807,0.0142692716515245,0.1244429621637288
2,28,15,0.0005351532017812,0.0002214940177509,0.2268995841240761,0.2407743795825488,0.0887310957930299,0.239148806158361
2,29,15,0.0041101495735347,0.0008269833633676,0.3331951350508905,0.3682329873913766,0.0995433350583402,0.3608540209366221
2,30,15,0.0013373042456805,0.0005204720655456,0.3495415512542059,0.3858878564606661,0.1194023015026824,0.3777254437818925
2,31,15,0.0023399631027132,0.0005712529527954,0.3457953980356076,0.3814546969740416,0.1135523907359767,0.3735776752535294
2,32,15,0.0009149430552497,0.0004468389670364,0.3474196815957553,0.383073236719508,0.120703267612873,0.3755461521777845
2,33,15,0.0129982903599739,0.004622324835509,0.3732033385514529,0.4120058602298561,0.1269624676225036,0.4017752058961686
2,34,15,0.0008257723529823,0.000324037973769,0.3211514841371689,0.354886020560515,0.110298905227793,0.3498758688901423
2,35,15,0.000511385675054,0.0002556261024437,0.2539244656105604,0.279646593242088,0.0800264469297552,0.2777363751862098
2,36,15,0.0029682531021535,0.0007708045304752,0.3502475104420989,0.3864096282671845,0.1115462469641435,0.3778344969394795
2,37,15,0.000552162528038,0.0002375827461946,0.250867793113431,0.2648038615235972,0.0938850554470712,0.2638745873698291
2,38,15,0.0067780530080199,0.0015426565660163,0.3575729330603659,0.3934270355379538,0.1218922139453051,0.3848083818141011
2,39,15,0.0002771243744064,4.330143201514147e-05,0.0109684714986243,0.0169951414517605,0.004810850063527,0.0159047812356719
2,40,15,0.0001847809326136,4.906247340841219e-05,0.0162519994049685,0.0285390390785424,0.0019779666007773,0.0263544447421162
2,41,15,0.0010321091394871,0.0004019342595711,0.3382917569007565,0.3735686260182287,0.115925968805048,0.3667528952216682
2,42,15,0.0006766572478227,0.0003093065461143,0.311022042666374,0.3429588359673319,0.1056071389168587,0.3399216176250689
2,43,15,0.0011806113179773,0.0004854742437601,0.3530691372840653,0.389008682818688,0.1233398301209886,0.3810506306584083
2,44,15,0.0026563929859548,0.0009369942708872,0.3585688181310379,0.3952836174127138,0.1181536311745953,0.3861083346731734
2,45,15,0.0009648211416788,0.0004539836372714,0.3574057640918099,0.3931675836234252,0.1286477858489284,0.3852783714965108
2,46,15,0.0008098776452243,0.0004016806487925,0.3394258682528912,0.3747884501994145,0.116999401249574,0.3678499347242173
2,47,15,0.0031386942137032,0.0006954314885661,0.3284584433171178,0.3631245859554753,0.0956439371011651,0.3562167565745609
2,48,15,0.0010017703752964,0.0004354468255769,0.3408017864883272,0.3763161484262208,0.1156546855608135,0.369125134930723
2,49,15,0.0013470054836943,0.0003131370758637,0.293719163328255,0.3244843256184431,0.0936238442904568,0.3228202529342636
3,0,25,0.0004160276148468,0.0002254690480185,0.2555261510628052,0.2783374455376395,0.0865841815808906,0.2758808123519931
3,1,25,0.0006555339787155,0.0002496466040611,0.2700353482223582,0.2921444956557542,0.095189158662205,0.2897790160822857
3,2,25,0.000372093723854,0.0001640122354729,0.1165248567009394,0.1529615266279222,0.0563208368928632,0.1486759948797632
3,3,25,0.001004293677397,0.0003792763454839,0.327059713111559,0.3621364009771578,0.1090101657629473,0.3558096858058717
3,4,25,0.0001850728440331,7.617339724674821e-05,0.0568317946998583,0.0737306600350316,0.0285495251582772,0.0700602701471375
3,5,25,0.0001082185481209,1.112783866119571e-05,0.020150746300553,0.0307506046108293,0.0020592875726448,0.0292427686307598
3,6,25,0.0002010367024922,9.22007457120344e-05,0.0926494526047139,0.1056205915544258,0.037333310958103,0.1038623706099556
3,7,25,0.0006701817619614,0.0003389282501302,0.322891467158283,0.3570878268850437,0.1096694291105152,0.3516263115495561
3,8,25,0.0004886354436166,0.0002330603601876,0.268806567194214,0.294839246169859,0.0905248449554216,0.2936393250835908
3,9,25,0.0001716005499474,5.840671656187624e-05,0.0272248205507115,0.0527556132627999,0.0032215965117149,0.0510576212807942
3,10,25,0.0152125693857669,0.0047511290758848,0.7178931338427529,0.7357528771789037,0.5449222630649274,0.7311619706274349
3,11,25,0.0001085235344362,4.007233656011522e-05,0.0280088868895289,0.0421356113306464,0.0072771800058724,0.0417440970858018
3,12,25,0.0006212014122866,0.0002782355004455,0.2923304846470315,0.3228289023488805,0.0976494365412368,0.3206339862517388
3,13,25,5.2187664550729096e-05,9.237461199518291e-06,0.0178950701798511,0.0248212467346157,0.0029171580521788,0.0238952171809341
3,14,25,7.564354018541053e-05,2.145824873878155e-05,0.0017398901793627,0.0059809741088214,0.0004134350358026,0.0046043824565848
3,15,25,0.0001664370065554,5.5817392421886325e-05,0.0566752050154441,0.0625643688845861,0.0204702319772126,0.0615116781758825
3,16,25,4.8260499170282856e-05,3.7644897474820023e-06,0.0191998164394862,0.0235580887114424,0.0054658058614574,0.0221691492658561
3,17,25,0.0040568648837506,0.0005142918089404,0.25133459412756,0.2824840629425409,0.0746684212218964,0.2804922964067871
3,18,25,0.0005362523952499,0.0002302850916748,0.240318052168616,0.2589945786913218,0.0807639327794911,0.2570187548876947
3,19,25,0.0001333890832029,3.808517794823274e-05,0.0325615163645361,0.0413424917965103,0.0157080722256107,0.038517250493802
3,20,25,0.000696699891705,0.0003593238070607,0.3180758602653668,0.3525628254225051,0.1040818333980955,0.3469708279540549
3,21,25,0.0015099960146471,0.0004837457963731,0.3420255773980071,0.3778912683268651,0.1143404828563443,0.370291707359811
3,22,25,0.0003750436299014,0.0001785924396244,0.1823764966266444,0.1948308333493216,0.0639139158048077,0.1940861490752333
3,23,25,0.0023514560889452,0.0005013259360566,0.3425843280912016,0.3777438009276305,0.1135619938628129,0.3703976643374922
3,24,25,0.0001821187906898,2.90564275928773e-05,0.0156865193998713,0.0358795153211513,0.0021935962797363,0.033274959785803
3,25,25,0.0002728886029217,0.0001179813407361,0.0942267875054321,0.1214445054685425,0.0472108012705593,0.1173930940152019
3,26,25,0.000465728691779,0.0002143167657777,0.2143353726286732,0.2286936099446588,0.0769934912088181,0.2285558824302297
3,27,25,0.0002188095677411,9.961062460206448e-05,0.0646855227058981,0.087244791896282,0.0306329415529234,0.0843381556835632
3,28,25,0.0008007764699868,0.000319911603583,0.3126630787670805,0.3465740216031137,0.1043858014082814,0.3415912943796808
3,29,25,0.000103048638266,1.8199532860307958e-05,0.023147256436011,0.0288449863928751,0.0048352180174466,0.0282266959369194
3,30,25,0.0006903713219799,0.00033327654819,0.3186403852384986,0.353398474018168,0.1086810954328729,0.347631125395667
3,31,25,0.0002822593960445,0.0001456679456168,0.1598735225789297,0.1705534747193259,0.0586616121776366,0.1693489239543429
3,32,25,0.000126649159938,3.660038782982156e-05,0.0497937261702122,0.0563626904704176,0.0157719182221457,0.0550371549420648
3,33,25,0.0005410333396866,0.0002912772179115,0.3007835314634296,0.3329754064243045,0.1003509716478372,0.3295619933896776
3,34,25,0.0008533708169125,0.0002922891872003,0.2547036369650662,0.2796980441619449,0.0803094886414571,0.2770451231969092
3,35,25,0.0001223043655045,4.6957211452536285e-05,0.0250082659742918,0.0503558967582186,0.0044406396646273,0.0488865568766865
3,36,25,0.0005023595876991,0.0001621049741515,0.1440878433206204,0.153947337709363,0.0555940175569975,0.1537742521691357
3,37,25,0.000303247681586,8.321044151671231e-05,0.0575524576341663,0.0891569777024417,0.0102408963020631,0.0869992810648848
3,38,25,0.0001544583064969,5.689753743354231e-05,0.0494360104255523,0.0621435126679712,0.0235097335764702,0.0588513520320165
3,39,25,0.0002178326394641,9.357644012197852e-05,0.1008250534098888,0.112784971041804,0.0396841902291666,0.1111822013343622
3,40,25,0.0006059744046069,0.0003014418471138,0.2943917600098434,0.3271874277243591,0.0937857899934027,0.323591394475548
3,41,25,9.668049460742624e-05,2.2477910533780232e-05,0.0177105982870439,0.0258833465825556,0.0053430734047851,0.0248250244405314
3,42,25,0.0007818315643817,0.0003604770463425,0.3229246158023676,0.3576192030812002,0.1073850170057769,0.3517407923070788
3,43,25,0.0004233819490764,0.0002129776112269,0.2363380049688528,0.2551380265650155,0.0790660810085105,0.2531608835504109
3,44,25,0.0001722696615615,5.574767419602722e-05,0.0380077206761206,0.0510699624078335,0.0178118761953573,0.0495433105293027
3,45,25,0.0003459327563177,0.0001593315828358,0.130110093142722,0.1423019279516686,0.0534239027040082,0.1407375049821838
3,46,25,0.0006649137940257,0.0002705224324017,0.2546619338321855,0.2761809719367501,0.0841532485901742,0.2738806098900965
3,47,25,0.0010497986804693,0.0004351477255113,0.3380523025018741,0.3735841664542404,0.1136033461827514,0.366447742350419
3,48,25,0.0003833990485873,0.0001855655573308,0.1812351209551582,0.1909028239408472,0.0578353494679243,0.1899683815910202
3,49,25,0.0003489263763185,0.0001733250537654,0.1830714050696064,0.1949661225093068,0.0697369259161984,0.1938048332694104
4,0,37,0.0005104356096126,0.0002064406871795,0.2393404166740421,0.2614326241486776,0.0784615639392957,0.2590623772007191
4,1,37,0.0005246856017038,0.0002557559637352,0.2801746986426752,0.3090983602068483,0.0930193601033003,0.3076368120340251
4,2,37,8.615547994850203e-05,1.9120141587336548e-05,0.0193379340914884,0.0278919867817661,0.0040674268847033,0.0270260237768965
4,3,37,0.0005432069301605,0.0002302320499438,0.2556600288124632,0.2811634680248371,0.0826668895207504,0.2796750131770491
4,4,37,0.000104684040707,2.8149628633400425e-05,0.0399037835170794,0.0500112125745639,0.017064794563088,0.0473949376818657
4,5,37,5.24625756952446e-05,6.83077132634935e-06,0.0205443821080986,0.0260324519628323,0.0079267867902119,0.0241857532929599
4,6,37,0.0005645989440381,0.0002980318968184,0.30083307621104,0.3334146738559458,0.0992162509611685,0.3297851150006058
4,7,37,8.430801244685426e-05,2.9733484552707523e-05,0.0376177491518534,0.0501830928094237,0.0183176135108642,0.046957791138308
4,8,37,0.0004031216958537,0.0002147148188669,0.2491549103823296,0.2718081932914528,0.0832372859741345,0.2694215535049948
4,9,37,0.0001157772639999,3.490796370897442e-05,0.0519462178481879,0.0585765320196263,0.0169570760717177,0.0572111857030451
4,10,37,0.0002279968757648,0.0001145063288277,0.081614214349891,0.1132636649027205,0.0329572599599132,0.1093718277524937
4,11,37,0.0001017833201331,3.613939043134451e-05,0.0593078058232375,0.0702819623469586,0.0230001133446067,0.0680678288843491
4,12,37,0.0005759767955169,0.0003080322640016,0.2947852664944612,0.3265480688419245,0.094709912057338,0.3238971055306791
4,13,37,7.3139977757819e-05,2.3283408154384236e-05,0.0383460428579133,0.0506048281576118,0.0173006105929139,0.047928812123002
4,14,37,6.175962334964424e-05,1.5311414244933985e-05,0.0292120510814342,0.0350235454728483,0.0110811023592775,0.0332923922627758
4,15,37,0.0001202861021738,3.337332236696966e-05,0.0352287744314581,0.0513953081837705,0.0135336645710261,0.0494815451194172
4,16,37,0.0002744762459769,0.0001293597160838,0.122452575845964,0.1428645221903243,0.0559844841702634,0.140028330441768
4,17,37,0.0001755498669808,9.31253598537296e-05,0.0994257046075408,0.1152717010965577,0.0425582277452399,0.1129928087077363
4,18,37,0.0002728727995418,9.474346006754786e-05,0.054613371783508,0.0979537542586865,0.0074047196698674,0.0961455017973984
4,19,37,0.0002353387098992,0.0001172635020338,0.1342485475576625,0.1453034779622331,0.0510173376672115,0.1450049318964077
4,20,37,0.0003584445221349,0.000200153372134,0.2259641902681177,0.2420291702378555,0.0760297376526621,0.2403007395634587
4,21,37,0.000765329983551,0.0003565553051885,0.3202333736271341,0.3549507834934218,0.1058076975511241,0.3491064473740742
4,22,37,0.0002135466929757,9.183603833662346e-05,0.0531448353706569,0.0831323341489548,0.009666694872877,0.0809775393086658
4,23,37,0.0004075470205862,0.0002158424904337,0.2384329279875958,0.2617084258085244,0.0760052436508523,0.2593525349053571
4,24,37,0.0002323341032024,0.0001179596147267,0.1114273916093475,0.1414053372383903,0.0560133877562424,0.1372308464388864
4,25,37,0.0005218450096435,0.0002941518905572,0.3008570287796689,0.3335145861870419,0.0997135145852661,0.3297257577352281
4,26,37,0.0001818206510506,7.560384256066754e-05,0.0814372276926419,0.095357844505361,0.0339999165679042,0.0927306692018652
4,27,37,0.0001120043671107,2.365000545978546e-05,0.0451574804061003,0.0509236094014135,0.0157303545175467,0.0497894590783739
4,28,37,0.0003553134447429,0.0001210254631587,0.1126218750530952,0.1205381343170009,0.0407309882064685,0.1202215206696041
4,29,37,0.0003963673079852,0.0002001402608584,0.2128061033264923,0.2270520066766946,0.0699197470287288,0.2251288636372086
4,30,37,0.000351907510776,0.0001673786609899,0.1790652123703389,0.191063084282671,0.0586139590290028,0.1901641574644819
4,31,37,0.0006692453753203,0.0003208084381185,0.3080092942872228,0.3412376493076086,0.1010992498588512,0.3370779128641321
4,32,37,0.0001380790054099,6.56443226034753e-05,0.0707024272638129,0.0870139153276412,0.0318789290758293,0.0837540586845782
4,33,37,0.0002901542466133,0.0001412413694197,0.1531705946097637,0.1622161500827628,0.055890244191172,0.1610107490366528
4,34,37,0.0003376898821443,0.0001266288018086,0.1307980476394153,0.1394406687894736,0.0503882248183874,0.1391083141002908
4,35,37,0.0005469760508276,0.0002758897899184,0.287007453993697,0.3178340861598795,0.0936324742649486,0.3154976395141725
4,36,37,0.0001351932733086,6.328387098619714e-05,0.0734383305687829,0.0907466693821482,0.033474580277985,0.0874099362154189
4,37,37,0.0001463348016841,6.525647040689364e-05,0.0545428464953884,0.0752248016843938,0.0275053451015123,0.0717674241274958
4,38,37,0.0003892239183187,0.0002084870793623,0.2352461670488518,0.2570637609939435,0.0756301180835962,0.2549181797239273
4,39,37,7.019103213679045e-05,1.5792009435244836e-05,0.0244337545673753,0.031705541078977,0.0107016942953808,0.0294520151110027
4,40,37,0.0002101582649629,8.467201405437663e-05,0.0409728995071944,0.0800055094998398,0.0061763793817042,0.0780510457694627
4,41,37,0.0001204895961564,5.07991062477231e-05,0.0461427015972621,0.0676882881040058,0.0162911637622163,0.0651551126837785
4,42,37,0.0001619064132682,8.006451389519498e-05,0.0794381766672038,0.0994458668135024,0.037410740376341,0.0960158708204799
4,43,37,0.0001166618312709,4.687018372351304e-05,0.0410555977819581,0.0635119781494409,0.0074982321348735,0.0618004295459172
4,44,37,0.0003527751541696,0.0001687356707407,0.184607803388936,0.1956339608921788,0.0669578901469004,0.1940484117863921
4,45,37,7.048060069791973e-05,1.0626094081089832e-05,0.0330487175780731,0.0386972858455885,0.0081560585075297,0.0370085126123586
4,46,37,0.0002710424596443,0.000140920994454,0.156292075970095,0.1675588571457389,0.0558192220768659,0.1661019621815125
4,47,37,0.0004034836601931,0.0002162013115594,0.2508114158502756,0.274304696335989,0.0834007411201377,0.2721904980181305
4,48,37,0.0004113884933758,0.0001970575685845,0.2231456287846365,0.2364240424574021,0.0764209613361751,0.2346730209608124
4,49,37,0.0004918735940009,0.0002242643822683,0.2374998471221679,0.2565750802945287,0.079118668814608,0.2545824736299658
5,0,51,0.00017554074293,7.511831790907308e-05,0.0412225769663397,0.0798969470749694,0.0076501297112364,0.0785287945034257
5,1,51,0.0004163348057772,0.0002219692105427,0.2535043689232683,0.27743715747937,0.0841037477830263,0.2752588233518602
5,2,51,4.582163455779664e-05,1.1585190804908052e-05,0.0183783008141935,0.0224539792303113,0.0077352120040181,0.0210443581758883
5,3,51,0.0002583974564913,0.000146739082993,0.170405906602667,0.1818709786815147,0.0643052741481785,0.1806497030971263
5,4,51,0.0001673480292083,8.492600318277255e-05,0.0980889429493722,0.1139213124310278,0.0415180296667828,0.1119988446127844
5,5,51,1.947694363479968e-05,2.822652731993003e-06,0.0122166603250418,0.0166561202832804,0.0031212031028859,0.0154066731718201
5,6,51,9.877904085442424e-05,3.352355633978732e-05,0.0337174785919519,0.0465109148110614,0.0170610198746302,0.0439630745766472
5,7,51,0.0004295702965464,0.0002254760765936,0.2539107784284867,0.2786293900094575,0.0829947118984216,0.2767567549083972
5,8,51,5.263777347863652e-05,1.0775626833492424e-05,0.0300410702901069,0.0362797622000448,0.0105572199260789,0.0342205519600071
5,9,51,0.0002837214269675,0.000156032765517,0.1817626983304898,0.1946416784180955,0.0695883084075506,0.1933468496287811
5,10,51,0.0004776827991008,0.000255311577348,0.2775110446938089,0.3061922319755275,0.0914559701148689,0.30481999850423
5,11,51,0.0003280223172623,0.0001664788578636,0.1806204002760615,0.1925865881818094,0.0663122548466861,0.1909956275272412
5,12,51,0.0001643385039642,9.04222033568658e-05,0.0948824512941996,0.1143180901978728,0.0435989809041575,0.111133667106605
5,13,51,0.0001824128848966,9.40503305173479e-05,0.0965932108505115,0.1171617134338243,0.044668998312057,0.1140267469076218
5,14,51,4.574841295834631e-05,1.3373466572375037e-05,0.0079777547357074,0.0175822850921734,0.0019643926710128,0.0159958144949474
5,15,51,0.0002375286858296,0.0001102058959077,0.0902119133523364,0.1240935250919416,0.0419478829934021,0.1198212550591754
5,16,51,0.0005037014489062,0.0002781398652587,0.2876698565761369,0.3193351722237303,0.092752597359176,0.3165181027599286
5,17,51,0.000392977730371,0.0002287038223585,0.2544564835262674,0.2782471144834182,0.0845705727989169,0.2757992545835591
5,18,51,0.0002206256758654,0.0001167564842035,0.1200194648983876,0.1401488250698186,0.0545957871627127,0.1376014639805975
5,19,51,0.0001655202358961,8.467896259389818e-05,0.0982208319807569,0.1109380192849676,0.0400468871612909,0.1093029717600451
5,20,51,0.0007614802452735,0.0002448715094942,0.2699798866199972,0.2989843376436032,0.0874845353970172,0.2972097547726884
5,21,51,0.0001044706223183,5.373849853640422e-05,0.0614243376007205,0.0827978988235169,0.0302786586083027,0.0788947626725476
5,22,51,0.0001971764286281,0.0001087235068553,0.1235095377525948,0.1329538712228449,0.0469820256365789,0.1323485746810106
5,23,51,0.0004966187407262,0.000235638799495,0.2592610408711553,0.2853784592697189,0.0836226613487068,0.2841348879823109
5,24,51,0.0001364347990602,6.010949437040836e-05,0.0147546551882569,0.0512778043354956,0.0034729827166079,0.0463635169143987
5,25,51,0.0003507573273964,0.0001981342793442,0.2327123987548721,0.2514470928202511,0.0780201113459153,0.2494917989573193
5,26,51,0.0001570561144035,7.32707412680611e-05,0.0816402401283859,0.1036485942355512,0.0393822131493201,0.1003497076515596
5,27,51,0.0001235597883351,4.895745951216668e-05,0.052072437996113,0.0748432659660876,0.0216536353634121,0.0709915539800531
5,28,51,0.0001110500816139,5.194196637603454e-05,0.0687669039393559,0.081138768141134,0.028072870755673,0.0783252936144509
5,29,51,7.794713746989146e-05,2.5215362256858494e-05,0.0378706267351402,0.0547079606952626,0.0164851944875944,0.0511884687218992
5,30,51,0.0003586168168112,0.0001824721693992,0.2205189729998131,0.2335637422545723,0.0762548208220772,0.2318906002254651
5,31,51,0.0001895475725177,0.0001031159408739,0.1022571887559193,0.1273677357388577,0.0505083132269282,0.1239743233069245
5,32,51,0.0003959409950766,0.0002115563256666,0.2454429038315089,0.266288450682404,0.0830899359905436,0.2640778488726458
5,33,51,3.954718340537511e-05,1.0914228369074408e-05,0.0231472927910769,0.0308757628658621,0.0102670060111367,0.0284274590287299
5,34,51,9.973124542739242e-05,3.734695565071888e-05,0.0383134922254971,0.0567640768885604,0.012316731846864,0.0543184656517186
5,35,51,9.845590830082074e-05,4.581870598485693e-05,0.0436105630709461,0.0671834800656089,0.0089936212369726,0.0654069038234891
5,36,51,4.42733071395196e-05,9.692562343843749e-06,0.0149410075023167,0.0234077589478279,0.0056409901098108,0.0215603846068083
5,37,51,0.0002172243257518,8.154704119078815e-05,0.0814627078248832,0.0994354525050279,0.0366660087301866,0.0961821529299255
5,38,51,0.0001244272716576,3.896475391229615e-05,0.0436922254937232,0.0566429079352964,0.020910666792598,0.0534421509731442
5,39,51,0.0002939122205134,0.0001515168842161,0.1644210201759699,0.1772855991890476,0.0661940477616238,0.1768767043956491
5,40,51,0.0005349546554498,0.0002681703481357,0.2807696633384396,0.3106160538611149,0.0909028539660282,0.3088680127083432
5,41,51,0.0001823266211431,9.400120325153694e-05,0.0927182282462107,0.1126097743063319,0.043342324695524,0.1091128408970397
5,42,51,0.0003966780786868,0.0002168304781662,0.2503036356528242,0.2734463108960274,0.0833359979131549,0.2711892706954145
5,43,51,0.0003108923556283,0.0001614423090359,0.1733608672588568,0.1837750920460882,0.061519738692023,0.1821319799856549
5,44,51,0.000244514492806,0.0001122096509789,0.1270630155607158,0.1356722739000058,0.0487979099045503,0.1352216227206515
5,45,51,0.0003787317837122,0.0001974744081962,0.2208632911738537,0.2391466822551676,0.0713281889293832,0.2372276271524653
5,46,51,0.0001841630291892,7.809045200701803e-05,0.0805443872864618,0.0986851052724556,0.0377808999698874,0.0953486034519539
5,47,51,0.0003199956263415,0.0001726123009575,0.20394356529774,0.2157191603436286,0.0732616320361247,0.2156224017424283
5,48,51,7.062916847644374e-05,2.844537084456533e-05,0.0217560148877505,0.0402261027877377,0.00201114066672,0.0396452639605539
5,49,51,0.0001444013469154,7.5006035331171e-05,0.0785953364175756,0.0994159533742671,0.037737570029014,0.0958872383435152
6,0,67,0.0002583634632173,0.0001510025613242,0.1769661614696383,0.1891671529278173,0.0666632191472461,0.1878054707630499
6,1,67,0.0001747381902532,9.700773807708174e-05,0.086650663960915,0.1132680969971052,0.0448077518455627,0.1093276164742963
6,2,67,3.585527156246826e-05,9.00113536772551e-06,0.0082033276035354,0.0210938042968094,0.0008280091244721,0.0191893312776405
6,3,67,0.0002570950600784,0.000122627679957,0.0898068788482247,0.1300375646238214,0.0315006769896842,0.1256261167062242
6,4,67,0.0001500358484918,6.997439777478576e-05,0.0539693289039851,0.0840023768127514,0.0136989430645035,0.0818620529653807
6,5,67,0.0001134193298639,4.5194665290182456e-05,0.048358157529272,0.0683350734032018,0.0191939074222235,0.0652698472679068
6,6,67,0.000119619675388,6.401166319847107e-05,0.0594270697709339,0.0830594675124601,0.0235935186400994,0.0797665799937083
6,7,67,0.0003324837307445,0.0001881286734715,0.2219208398512638,0.2369181498893518,0.0749857503084388,0.235291282277949
6,8,67,0.0002900167892221,0.0001240318233612,0.1437229221786026,0.1540633990102841,0.0493116975458504,0.1523173402632992
6,9,67,0.0001775764976628,9.08760994207114e-05,0.0994293083882245,0.1154898845521162,0.0430605278046007,0.1129189496362827
6,10,67,0.0002297369355801,0.0001265765749849,0.1462136815153818,0.1589080476552101,0.0599788964007124,0.1581942054169857
6,11,67,0.0003243426908738,0.0001712088414933,0.2043508192023461,0.2160770240136645,0.0697516179330099,0.2147086054475619
6,12,67,0.0001520457299193,7.986621494637802e-05,0.0799551347127406,0.106482710734564,0.040202796886517,0.1027915074366601
6,13,67,0.0003177324251737,0.0001314927503699,0.1289925455064223,0.1455350906407736,0.055773196590118,0.1436360321343095
6,14,67,0.0001088074423023,4.843052374781109e-05,0.0530220065890327,0.0751254927220783,0.021166879261016,0.0716121848450184
6,15,67,0.0001192599884234,5.6673758081160486e-05,0.0617954283391919,0.0850807279126305,0.0301612999039436,0.0812275731483725
6,16,67,0.0001838709285948,8.677448204252869e-05,0.0672885809459104,0.1043375019321086,0.0128638286813046,0.1015722992573307
6,17,67,0.0003952672414015,0.0002168421488022,0.2499004340809043,0.2726575112795838,0.0836693640492745,0.2703019878799748
6,18,67,0.0001222293212777,5.6167755246860906e-05,0.0581392477476148,0.0816729731724762,0.0231636931354657,0.0779867224640786
6,19,67,5.090253034722991e-05,1.744471228448674e-05,0.0258233803041921,0.0380923393278674,0.0106685027111069,0.0359299475707422
6,20,67,5.143916860106401e-05,1.8541626559454016e-05,0.029473877899547,0.0436344855553686,0.0107367348127838,0.0412460372523998
6,21,67,0.0001620812690816,9.24968917388469e-05,0.0750854190998103,0.1039631026369642,0.0369422647551563,0.0994385102774035
6,22,67,0.0001645247684791,9.169784607365727e-05,0.0942372998699969,0.1180543156885379,0.046439694802861,0.1146395135454663
6,23,67,0.0001410627301083,7.143929542507976e-05,0.0763542242059708,0.0957910354216949,0.0370820661967785,0.0922594925346156
6,24,67,0.0001901685027405,8.537334360880777e-05,0.1054128143354257,0.1173355068227644,0.0415979980496653,0.1159519408585163
6,25,67,0.0002555137034505,0.00013541689259,0.1345880866459833,0.1552540039785057,0.0608672960228341,0.1529446754856045
6,26,67,0.0002508600009605,0.0001343111798632,0.1561671648696344,0.1672607906229187,0.0571437059048973,0.1659942139122053
6,27,67,5.7840989029500633e-05,1.8336782886763103e-05,0.0240680087572358,0.0363805743321903,0.0077255027146163,0.0345876069959094
6,28,67,0.000142022021464,7.258453115355223e-05,0.0711465539924733,0.0938364430500397,0.0360382199005503,0.089825488164653
6,29,67,0.0003349754551891,0.0001868713006842,0.2227169776085484,0.2398176049978136,0.0740011166452615,0.2380443725275589
6,30,67,3.6742429074365646e-05,6.098096946516307e-06,0.0272154661747903,0.032351204374148,0.0082031855432308,0.031185433908495
6,31,67,0.0001796764845494,9.534025593893602e-05,0.0805486994161954,0.111519372841474,0.0327436081634672,0.107295149333406
6,32,67,2.2518031983054243e-05,2.6697205157688586e-06,0.0121743827467904,0.0152614410619246,0.0048154559004076,0.0143023325984723
6,33,67,3.050832310691476e-05,5.642523774440633e-06,0.0134639686798364,0.0208069458666706,0.0058284338509602,0.0189359664886188
6,34,67,0.0002425761340418,0.0001236169919138,0.1383385996005229,0.148993466428009,0.0543032260951327,0.1484119736364472
6,35,67,0.0002602708118502,0.00014684224152,0.15942265573051,0.1721372972822156,0.0627402760705149,0.1717670366799732
6,36,67,0.000387748965295,0.0002050160401267,0.2367697215034261,0.2570535944570425,0.0785813939888069,0.2549187287733251
6,37,67,0.0001169622846646,6.689692236250266e-05,0.0650672575046549,0.0906211463745241,0.0278418403717206,0.086763019774437
6,38,67,0.0002949683694168,0.0001562192774144,0.1825278674184935,0.1941767390678744,0.0632842220396203,0.1936999395531849
6,39,67,0.0002082887222059,0.0001043133233906,0.0898523454463727,0.1210021768187111,0.0432669001467392,0.1168307980918234
6,40,67,6.281121750362217e-05,2.344790300412569e-05,0.0249421474907881,0.0418719392748766,0.0028087079960174,0.0410261618464728
6,41,67,0.0002373522875132,0.0001381038455292,0.1592015155833133,0.1688730847835017,0.059203052847062,0.1675321028928567
6,42,67,8.74002871569246e-05,3.616090543800965e-05,0.0449089828245748,0.0648696263158021,0.017869487300668,0.0616123877581267
6,43,67,0.0001060539216268,4.7787798393983394e-05,0.059968573484143,0.078265600767666,0.0293069876413372,0.0748875021114655
6,44,67,7.709432975389063e-05,2.5457367883063853e-05,0.0271455768419477,0.0431724209356991,0.0041199832171673,0.0417245968146215
6,45,67,0.000237895961618,0.0001315042609348,0.1396574152291549,0.154391462883715,0.0584300269726455,0.1535826299818014
6,46,67,9.758268424775451e-05,3.648290294222534e-05,0.0461568621866089,0.0651508765086233,0.0209105584889955,0.0613513349389024
6,47,67,8.35079699754715e-05,3.075573840760626e-05,0.0343794167292627,0.0530002521927511,0.0106510527427651,0.0510231171632705
6,48,67,6.613066216232255e-05,2.326443063793704e-05,0.0263670915011401,0.0436690408675208,0.0029123635193389,0.0421940693228767
6,49,67,0.0002720456395763,0.0001381336769554,0.1435834335563446,0.15835407321826,0.0598648825609897,0.1575237870258733
7,0,85,0.0002095654199365,0.0001216722739627,0.1134198722107285,0.1416556499434978,0.0572252361855491,0.1380321564733598
7,1,85,0.000168331185705,8.871129102772102e-05,0.0736522147456726,0.1067152830093968,0.0276061363396867,0.1031090145965561
7,2,85,0.0002489654580131,0.0001455931342206,0.1607446446512519,0.1730810497424626,0.0633069693778094,0.1726595518772327
7,3,85,0.0002057950332527,0.0001058612397173,0.1134361862258717,0.1315106362824358,0.0497058947069212,0.1293359031455962
7,4,85,0.0002249673416372,0.0001277414266951,0.1380160181323683,0.1514794721595442,0.0567106562432252,0.1507806582547111
7,5,85,1.844941834860947e-05,2.891837311835843e-06,0.0134495103574128,0.0168570757056289,0.0048474055174841,0.0158469189307372
7,6,85,0.0001798114535631,9.1284753580112e-05,0.1016937947208053,0.120126836935312,0.0456096796239716,0.1175966887909698
7,7,85,0.000216844418901,0.0001268249761778,0.1498062028524122,0.1604275427018811,0.0568346263004578,0.1595373560272337
7,8,85,6.835802196292207e-05,2.406531166343484e-05,0.0290462888884919,0.0439670428747113,0.009127772232088,0.0420665478677091
7,9,85,0.0001519607758382,7.318148709600791e-05,0.0628505310748384,0.0920992874119551,0.0248820612907849,0.089158488219049
7,10,85,0.0001093222017516,5.150122888153419e-05,0.0441404926712475,0.0676438169196708,0.0096006035179392,0.0658663138888413
7,11,85,7.240015838760883e-05,3.113886486971751e-05,0.036573683346139,0.0534679508307064,0.0141945122405504,0.051256998183748
7,12,85,0.0002487379533704,0.0001447668619221,0.1656012540396875,0.1763489735681324,0.0635435495240377,0.1752951991270809
7,13,85,0.0001833123533288,8.77798447618261e-05,0.0973094523852955,0.1127945728864969,0.0412899197821916,0.1103466644401256
7,14,85,0.000167067424627,9.689967555459587e-05,0.0964393101762213,0.1219163253446791,0.0489786688422815,0.1181096683090274
7,15,85,6.08254958933685e-05,2.352799128857441e-05,0.0303232408572387,0.0473342326832088,0.0092985592219372,0.0454734703584879
7,16,85,0.0001046050310833,5.214083284954541e-05,0.0484131160892045,0.075365201420073,0.0144760876907847,0.0729933744591381
7,17,85,6.791268970118836e-05,2.5681110855657607e-05,0.0248319170207745,0.041958327555257,0.0028686566179281,0.0411292123937576
7,18,85,0.0001417694584233,7.776128768455237e-05,0.0761937628748147,0.1031831291454947,0.0373956872513105,0.0991123225466626
7,19,85,9.98862087726593e-05,4.815336797037162e-05,0.0435024853235162,0.0684057615526262,0.0115811337258475,0.0665294667549727
7,20,85,0.0001019543487927,4.342183092376217e-05,0.0486929959727654,0.0688913388086079,0.0191082807375976,0.0658676355628092
7,21,85,0.0003871730004902,0.0001900630886666,0.2190837436420579,0.2355821432934961,0.0724928753489443,0.2338562614679366
7,22,85,0.0001047384721459,4.371415343484841e-05,0.0488001754534801,0.0696260147930606,0.0197922458350328,0.0663112871926796
7,23,85,0.0001369728270219,6.887169001856819e-05,0.0567606339870133,0.0882515534038111,0.0136844018340219,0.0859364930193513
7,24,85,0.0001196032171719,6.4643936639186e-05,0.0636397110970186,0.0895132730188281,0.0272252692694927,0.0854099176876099
7,25,85,0.0001630296173971,8.758995682001114e-05,0.0784635853770509,0.1082018375141344,0.0348810693863503,0.1035843065016582
7,26,85,4.309900032239966e-05,1.7634314644965343e-05,0.0176235523113531,0.0353823407885033,0.0028543383015288,0.0350949123038341
7,27,85,0.0001549944427097,8.007470751181245e-05,0.0778211894298957,0.1037171589587333,0.0387370356915311,0.0997954536717914
7,28,85,3.763374115806073e-05,6.8007361733180005e-06,0.0258766769730255,0.0334450022053482,0.0092731833784765,0.0310459469804604
7,29,85,6.745855353074148e-05,2.3962591512827203e-05,0.0352397419467365,0.052213067157876,0.011503471428669,0.0495694261640717
7,30,85,3.083750925725326e-05,6.439026947191451e-06,0.023130845047466,0.0285033968822096,0.0045693791025794,0.02782081253049
7,31,85,3.39377329510171e-05,9.215068530465942e-06,0.0147751815149318,0.0237809563190714,0.0038642793161795,0.0224271719600212
7,32,85,0.0002511040365789,0.000134919580887,0.1499230193392284,0.1610890145737599,0.0592276830745419,0.1605749910629752
7,33,85,6.17009645793587e-05,2.5179468138958327e-05,0.0358916843739202,0.0538991410301704,0.0112148905329183,0.0513115255904825
7,34,85,0.0002260109758935,0.0001196924931718,0.1392307418011744,0.1492759784204981,0.0541894408640058,0.1487840207162495
7,35,85,3.699820081237704e-05,1.3915336239733732e-05,0.0223305316854344,0.0364090449045939,0.0050838698780734,0.0349267100995294
7,36,85,0.0001412762940162,5.316293390933424e-05,0.0301934413158105,0.0492213413474937,0.0055816527527139,0.0467898258295789
7,37,85,0.000237995016505,0.0001338837173534,0.1541609416472097,0.1653062128051337,0.0593055493544116,0.164575475097568
7,38,85,9.932148532243446e-05,2.652799048519228e-05,0.021620378654497,0.0385804531669449,0.0019322376550243,0.0380267015720434
7,39,85,0.0001892273430712,8.47697228891775e-05,0.0797953421800131,0.104765762442064,0.0416424295894364,0.100879820399632
7,40,85,0.000195752872969,0.0001088113858713,0.1154739506262345,0.1338490547668572,0.0507201746772816,0.1317264655819161
7,41,85,5.4867668950464576e-05,1.9619275917648334e-05,0.0145772436261567,0.0280414360177026,0.0021745564345928,0.0247459818468078
7,42,85,3.479755105217919e-05,9.243632121069822e-06,0.0201071392046883,0.0319297750067471,0.0052490359729572,0.0301043134768282
7,43,85,0.0002356196055188,0.0001287742197746,0.1241982065859666,0.1477175899394524,0.0585450249253988,0.1448530597327837
7,44,85,6.416642281692475e-05,2.5640752937761132e-05,0.0349869337781034,0.0532948737889703,0.0106887835071665,0.0509346007454797
7,45,85,9.704238618724048e-05,4.652925053960644e-05,0.0312914308205039,0.06035091182445,0.00493994976926,0.0593316108536006
7,46,85,5.232045441516675e-05,1.9744289602385837e-05,0.0212864247557342,0.0374383424852657,0.0021166831198565,0.0368384891539927
7,47,85,0.0001393754064338,6.224686512723565e-05,0.0651173360047904,0.0872486230287163,0.0335272065801389,0.0834880174830559
7,48,85,0.0002386759733781,0.0001324625045526,0.1369522902319593,0.1564513540117007,0.0609234468348204,0.1546032288730927
7,49,85,2.412410503893625e-05,3.327866352265118e-06,0.0139632890352747,0.0172408693257203,0.0052710704831359,0.0163178852900265
8,0,105,0.0001719965948723,0.0001022650612867,0.098907834089712,0.1245681332678055,0.0501056982589323,0.1207386813202171
8,1,105,0.0001609765022294,9.447476622881368e-05,0.0925079418514797,0.1169942720344502,0.0466745517726531,0.1133534916228737
8,2,105,0.0002106077445205,9.931001113727687e-05,0.0918239992689583,0.1195842588498236,0.0473709494467519,0.1157256239183917
8,3,105,7.264926534844562e-05,3.212892625015229e-05,0.0345365715051511,0.0543058420301527,0.0069038494632907,0.0526844110576596
8,4,105,0.0001794159470591,9.943504119291902e-05,0.0941402968469706,0.1235009990207139,0.0471290573075274,0.1196713874264075
8,5,105,0.0001269212662009,6.631120049860328e-05,0.058883483618115,0.088850787588676,0.0196855388767135,0.086020848779597
8,6,105,0.0001744405162753,0.0001035360910464,0.1113596644093314,0.1288148075944099,0.0485950252561131,0.1264416713043815
8,7,105,0.0002566186303738,0.0001485375687479,0.1627026088239974,0.1752096664748849,0.0652697362344002,0.1747702342749296
8,8,105,0.0001763168402248,9.539761958876623e-05,0.1109381800431387,0.1255112559976721,0.046342111814509,0.1237805036420167
8,9,105,0.0001745402114465,9.74204667727463e-05,0.0974476274353002,0.1226366114173284,0.048984912518828,0.1187637127479457
8,10,105,0.0001609793980605,8.962464198702946e-05,0.0853077680711902,0.1107605328788379,0.044499647882744,0.1069819130508739
8,11,105,0.000125152640976,6.888863572385162e-05,0.069947068777212,0.0963098521976969,0.0330743234100399,0.0922170129337652
8,12,105,0.0001188085225294,6.26415858278051e-05,0.0531333319306564,0.0810494000286172,0.0138757124623676,0.0790899955884092
8,13,105,0.000155822126544,7.912985165603459e-05,0.0883449675003016,0.1086651887858325,0.0415025813626304,0.1056351925382088
8,14,105,0.000100550983916,5.201980093261227e-05,0.0508686594624606,0.0758230593060892,0.0181210900695922,0.0730829370260126
8,15,105,5.797683115815744e-05,2.12633385672234e-05,0.0266889641061961,0.0422421318363676,0.0078701991047904,0.0408615528565605
8,16,105,8.034809434320778e-05,3.5805805964628235e-05,0.0287339923616712,0.0542185508509029,0.0031702726687506,0.0537984291674812
8,17,105,6.499354640254751e-05,2.7607771698967557e-05,0.029635272224805,0.0487462679060877,0.0051241151424653,0.0473032922355668
8,18,105,8.449170854873955e-05,4.019709012936801e-05,0.0246813406260258,0.0540588516523842,0.0049852401570919,0.0521043949109023
8,19,105,5.975847307126969e-05,2.5746001483639706e-05,0.0291512438448272,0.0473717928051133,0.0046416335769347,0.0458211444329549
8,20,105,3.899827424902469e-05,1.60264789883513e-05,0.0119729827821423,0.0306295070783098,0.0019696737120775,0.0284181665093859
8,21,105,0.0002287220704602,0.0001280372380279,0.1412668369992651,0.1560966149123923,0.0589522394670261,0.1552986156885351
8,22,105,0.0002309397386852,0.0001162263943115,0.1285455728885411,0.1447070423265333,0.0552655140509758,0.1429258948441265
8,23,105,0.0002570922370068,0.0001495491160312,0.1743903594545435,0.1862651345022139,0.0665227180266556,0.1850158072394266
8,24,105,0.0001352306717308,7.80787377152592e-05,0.0690119145630917,0.0998290853796638,0.0265633437202617,0.0963066275470925
8,25,105,6.193021545186639e-05,2.6612986403051764e-05,0.0251074237811549,0.0450131673899963,0.0025757860066794,0.0444360344162295
8,26,105,0.000100910787296,4.015749800601043e-05,0.0461481554018826,0.0655338395115619,0.0182491594823079,0.0625520942467816
8,27,105,0.0001607867452548,8.951718336902559e-05,0.0927937296626658,0.1168168594886644,0.0456715370388854,0.1131995600695525
8,28,105,0.0002216688881162,0.0001258890115423,0.145757752728732,0.157615659689967,0.0564981637705148,0.1572756323620795
8,29,105,0.0001034330052789,5.1869184972019866e-05,0.0555214377135084,0.0795121393593085,0.024464398727024,0.0755539473939016
8,30,105,1.9902054191334173e-05,3.7680349578295136e-06,0.0172458003399812,0.0252826851130583,0.0073946454800367,0.022670580204422
8,31,105,8.966265158960596e-05,4.464314042706974e-05,0.0402884085368048,0.0642554432024192,0.0077351114186658,0.0624336875827802
8,32,105,0.0002733607252594,0.0001482453080825,0.1728607006546899,0.1853708655190999,0.0649799364768113,0.1840753880303214
8,33,105,0.0001581411488587,8.725486259208992e-05,0.0851713682767464,0.1108987994424146,0.0442835536212322,0.1071846224125342
8,34,105,0.0002517664106562,0.0001472953881602,0.1695224597399807,0.1801937818197588,0.0653022393661249,0.1790568137716264
8,35,105,4.799251837539487e-05,2.164502984669525e-05,0.0251491419880051,0.0417227504706718,0.0041554762851566,0.0407066653276528
8,36,105,0.0002285613300045,0.0001236796815646,0.1394864596056532,0.1492131029278472,0.0544984954154485,0.1487281619944918
8,37,105,0.0003363479627296,0.0001763112813932,0.212210140607035,0.223960555145002,0.0723901157851283,0.2222581956275277
8,38,105,3.153390935040079e-05,8.70275471243076e-06,0.0167245631317901,0.0278375997252484,0.001271528358636,0.0267060617497928
8,39,105,6.24387976131402e-05,2.328031769138761e-05,0.012480309121795,0.0333785268232526,0.0022355165832749,0.0305706505774353
8,40,105,0.0001593536726431,9.64997525443323e-05,0.0991825170802827,0.1206592222933571,0.0466865866059913,0.1175056322489662
8,41,105,0.00010255871166,5.251643597148359e-05,0.0468140107128172,0.0732628862768325,0.0153741196052628,0.0711832341409279
8,42,105,0.0002270611439598,0.0001175878060166,0.1073998839892854,0.1370519347150079,0.0548051704926778,0.1330053068516238
8,43,105,2.2489142793347128e-05,5.165055426914478e-06,0.007067400949516,0.0130636262550762,0.0006019252649625,0.0121954541985915
8,44,105,3.83820770366583e-05,1.4468449080595748e-05,0.0236356248795817,0.0388703596929978,0.0056343203911602,0.0371724209115887
8,45,105,0.0002913369680754,0.0001491505972808,0.1734497979432044,0.1857947113943536,0.0647953647861295,0.1844147352353173
8,46,105,6.526614015456289e-05,2.356519144086633e-05,0.0335907166540525,0.0490679327900781,0.013114954033751,0.0465568888312406
8,47,105,8.051756594795734e-05,3.906852361978963e-05,0.0270254730722601,0.0520395740530433,0.0031121396391188,0.0510530615456917
8,48,105,6.528026278829202e-05,2.9131086193956435e-05,0.0356105550265933,0.0564539054018728,0.0094213649546211,0.0542815927319796
8,49,105,2.695739567570854e-05,7.675042979826685e-06,0.0157578816445766,0.0259761952039036,0.0025652551435657,0.0246727243060169
9,0,127,0.0001600371469976,8.881486428435892e-05,0.0824764831776673,0.1139560481899086,0.0383298811420301,0.1097658829078462
9,1,127,0.0003217768680769,0.0001827547384891,0.2196220348495486,0.2320442571447812,0.0760511196025256,0.2302540651434397
9,2,127,0.0001414436410414,8.328434341819957e-05,0.0794836009704218,0.1092339145438271,0.0384633562378953,0.1051649159895657
9,3,127,0.0001138346342486,6.546446093125269e-05,0.0446230065846629,0.0778122889184135,0.0068013487945343,0.0766464663484606
9,4,127,0.0001039438866428,5.381138544180431e-05,0.0568727493455182,0.0811393189604566,0.0224558375019683,0.0778103169103037
9,5,127,1.5370909750345163e-05,3.073050265811617e-06,0.0087646451034569,0.0146889278501291,0.004019289919422,0.0132874451179754
9,6,127,0.0001734754769131,0.0001003933575702,0.0997160807166751,0.1243515747398105,0.0490760944664973,0.1209251690531224
9,7,127,0.0001855399896157,0.000107270447188,0.1095647387686666,0.1316036264552686,0.0513938881236606,0.1287119293992083
9,8,127,1.84299897227902e-05,4.867201369052054e-06,0.0166394560548561,0.0273467640522,0.0073421059116341,0.024953520985949
9,9,127,6.662838131887838e-05,3.073180778301321e-05,0.0362273299243641,0.0576136868460409,0.0078052920986531,0.0558596631870714
9,10,127,0.0002390160807408,0.0001454110897611,0.1706563278349789,0.1831219001551387,0.0641648951609474,0.1818507165164133
9,11,127,5.0019018090097234e-05,2.1850051780347712e-05,0.0249052188950405,0.043120888448446,0.002286230421219,0.0420789633114302
9,12,127,4.13686029787641e-05,1.68853275681613e-05,0.0089356623134386,0.0257019637813638,0.0017416477125332,0.0227534902254647
9,13,127,3.100657704635523e-05,1.098336997529259e-05,0.0098805917201033,0.0245731337645783,0.0019747978283619,0.0230220701403612
9,14,127,3.1119430786930025e-05,5.219362719799392e-06,0.004320136854596,0.0065630158997342,0.0018655793141903,0.0057629203865076
9,15,127,0.0002817857312038,0.0001571015745867,0.182884346126918,0.1948322216423948,0.0662394868516654,0.1934278170409345
9,16,127,5.48121752217412e-05,2.446365760988556e-05,0.0141241387798025,0.036752530174673,0.0023497833132397,0.0341720891275044
9,17,127,0.0001152641852968,5.999326458550058e-05,0.0645375848174141,0.0889027707973918,0.031551323759805,0.0849772216624902
9,18,127,4.897208054899238e-05,2.0345320081105456e-05,0.028899060408077,0.0456967616086588,0.0060528573058584,0.0442219124490432
9,19,127,6.012718586134724e-05,2.9545430152211335e-05,0.0294130759184363,0.0510459239298146,0.0030695778725115,0.049954832363226
9,20,127,3.4761065762722865e-05,9.46645377553068e-06,0.0182519270487654,0.0299520092277421,0.0038363791734359,0.0285718408815327
9,21,127,9.933649380400311e-06,1.6962961808530963e-06,0.0120858045601151,0.0166175649896829,0.0050343282753345,0.0149235131706275
9,22,127,9.330029570264742e-05,4.634902506950312e-05,0.0436562529845455,0.0676915933947334,0.0103040068317287,0.0659312320991187
9,23,127,0.0001347735233139,7.707787153776735e-05,0.0804547813897921,0.1050215841662812,0.0417778214145472,0.1014247855549233
9,24,127,0.0001206548986374,6.364426371874288e-05,0.0520612704037308,0.0812280359683951,0.0147225330171049,0.0791645357681048
9,25,127,0.0002491192426532,0.0001465250970795,0.1641136833585446,0.1768949236927928,0.0652738715446847,0.1764485154225376
9,26,127,7.297162483155262e-06,6.848301268291834e-07,0.0104310544853826,0.0142198047690884,0.002963019072933,0.0127940586257334
9,27,127,5.609395884675905e-05,1.9909088223357685e-05,0.0258380130109364,0.0394520157408114,0.0058690095730856,0.0382254323283246
9,28,127,3.1469782697968185e-05,7.779047336953226e-06,0.0134234104476363,0.023659937606295,0.0008875209119056,0.0230211958468137
9,29,127,6.798338290536776e-05,3.420240682316944e-05,0.0380252825834969,0.0600060412506282,0.0078627420025365,0.0582920136288749
9,30,127,5.570890425588004e-05,2.3393613446387462e-05,0.0328842054232568,0.0480389356903816,0.013863467035005,0.0455335966004659
9,31,127,4.064491076860577e-05,1.3297400982992258e-05,0.0179984608557759,0.0317494113013615,0.0013398504611906,0.0311646544934927
9,32,127,3.413586819078773e-05,9.76190403889632e-06,0.0184417512078761,0.0297981629684211,0.0033925823051414,0.0285793045864484
9,33,127,8.528905163984746e-05,4.182299744570628e-05,0.0414762569262417,0.0657020337374504,0.0097086992404582,0.0637821052864889
9,34,127,0.0002095054660458,0.0001197257297462,0.1335168916977082,0.1477951433004329,0.0560663855484303,0.1464024691788394
9,35,127,5.316033639246598e-05,1.481368872191524e-05,0.0202592961255131,0.032045084580994,0.0037316668973311,0.0311687385236888
9,36,127,6.036121703800745e-05,3.140916669508442e-05,0.0204161685584238,0.0476222826807941,0.0045028122630536,0.0453888709048902
9,37,127,7.410077523672953e-05,3.212797673768364e-05,0.0369532307203448,0.0586280354981947,0.0079374970619058,0.0568987133636795
9,38,127,2.0978637621738017e-05,1.053756659530336e-05,0.0083469960081174,0.0132164031373138,0.0018639214782088,0.012526554937856
9,39,127,3.333393397042528e-05,1.7707568986224942e-05,0.0104012232667314,0.0216814899714008,0.0012531894857724,0.0195367126181711
9,40,127,4.990441811969504e-05,1.698557025520131e-05,0.016118514166379,0.0318360140923715,0.0042117868089921,0.0290150896213332
9,41,127,6.496329297078773e-05,3.02309199469164e-05,0.0247291139187027,0.0479367985405233,0.00255564058304,0.0475022371398651
9,42,127,5.119894194649533e-05,6.746690814907197e-06,0.0107746271455701,0.0204056574535069,0.0006130085273434,0.0192166814535696
9,43,127,0.0002163600875064,0.00013181270333,0.1527203170171286,0.1649799874993296,0.0607852153591588,0.1645992675624144
9,44,127,0.000117702402349,6.094527634559199e-05,0.0659671101949077,0.090817135090622,0.032014155229756,0.0868795207118948
9,45,127,8.711099508218467e-05,4.365286804386415e-05,0.0356169411747302,0.0637985618795725,0.0042128197316292,0.0626725768695078
9,46,127,3.272238245699555e-05,1.2365270777081603e-05,0.0182476594624187,0.0306401857812769,0.0019004936429048,0.0298972018176126
9,47,127,0.0001783361221896,9.8011689260602e-05,0.0943195254827232,0.1211531264122872,0.0491445650896605,0.1174337271948769
9,48,127,0.0001297103590331,7.046221435302868e-05,0.0732878572286063,0.0988931622620467,0.0366004802265972,0.0951423332577906
9,49,127,3.6763383832294494e-05,1.3204446986492258e-05,0.0142246141718822,0.0285166603194107,0.0023558535757603,0.0275734986073564
10,0,151,9.896777919493616e-05,6.19426864432171e-05,0.0400718348173827,0.0759003551396873,0.0037939609786201,0.0749390777020634
10,1,151,8.644469198770821e-05,4.641551640816033e-05,0.0505574735700986,0.0735309153067433,0.0203583970156161,0.0706600984788747
10,2,151,0.0001465157547499,8.700665057403967e-05,0.0887953685150774,0.1156087258452758,0.0463797429541833,0.1120047907159878
10,3,151,6.919317092979327e-05,3.873070090776309e-05,0.0191549880075638,0.0500292966068315,0.0028753712916481,0.0469908992027922
10,4,151,8.149215136654675e-05,4.314456236897968e-05,0.0434487883033343,0.0675583300822161,0.0088178770237242,0.0657473828398153
10,5,151,2.094467345159501e-05,8.36233448353596e-06,0.0078504329814864,0.0185833291510179,0.0024160344939843,0.0158657601792777
10,6,151,9.90612170426175e-05,5.496503945323639e-05,0.0509830618402366,0.0793612979097399,0.0118594229096802,0.0772511082938247
10,7,151,0.000138067320222,7.62849158491008e-05,0.0688544821285887,0.0979979543165741,0.0278004592574101,0.0943880820328418
10,8,151,7.50461986172013e-05,3.7511257687583566e-05,0.0347677223018421,0.0573940352531432,0.0062444352965687,0.0559798582952768
10,9,151,2.384214712947141e-05,7.894484042481054e-06,0.0105655563107645,0.0206754998824583,0.0009663843083038,0.0194990300758609
10,10,151,0.00021319714142,0.000126165599795,0.1401823696212998,0.1549502873828009,0.0592722993302198,0.1540208925150109
10,11,151,8.351590804522857e-05,4.474635716178455e-05,0.0422410427442874,0.0665748558502679,0.008544596351091,0.0647345989270287
10,12,151,4.481503856368363e-05,2.0265917555661872e-05,0.0218367441299582,0.039340837779974,0.0016356035899107,0.0389231807664065
10,13,151,9.529240196570754e-05,5.10741156176664e-05,0.046621593292869,0.0728096107256887,0.009382395237371,0.0708961506352821
10,14,151,0.0001193991774925,6.144172220956534e-05,0.0597632449386139,0.0854681981301977,0.0244799694431326,0.0822176329975814
10,15,151,9.874992429104168e-06,2.8690683393506333e-06,0.0033062747624441,0.0072749205329294,0.0005565448317269,0.0062334007369506
10,16,151,5.870862514711917e-05,2.634099837450776e-05,0.0350632898971304,0.0536924852394517,0.0112501938607597,0.051372521198245
10,17,151,3.3381234970875084e-05,8.647836693853606e-06,0.0211422949952096,0.0328444390953662,0.0074133610505463,0.0306457406132582
10,18,151,3.780581391765736e-05,1.5955289200064726e-05,0.0211631443308323,0.0374368400803895,0.0016032086320725,0.0366633276540625
10,19,151,5.120222340337932e-05,2.2208587324712425e-05,0.0191887156499927,0.0398695021259202,0.0035476743157787,0.0388151289744369
10,20,151,4.8417961806990206e-05,1.8776241631712765e-05,0.0266448338884424,0.0425680785742552,0.0045591297392661,0.041150020618406
10,21,151,3.540228499332443e-05,1.3547282833314966e-05,0.0224977104621177,0.03642001246019,0.0066178407199395,0.0348889250177039
10,22,151,0.0002642641193233,0.0001523665559943,0.1825427420368849,0.1938618047842147,0.066943094003571,0.192139087550829
10,23,151,0.000148128325236,7.750756776658818e-05,0.0764426838228428,0.1019666319172507,0.0397887123864859,0.0981405676000788
10,24,151,3.611994543462061e-05,1.383463131787721e-05,0.0184815868452561,0.0328016205563951,0.0011970478780958,0.0322684615468937
10,25,151,0.0001935228647198,0.0001144239140558,0.1126811177610343,0.138280749254658,0.0550645436080754,0.1350851440075033
10,26,151,8.209261432057247e-05,3.926760837202892e-05,0.0371416340423929,0.0612897710970812,0.0059207873358332,0.0594457519785804
10,27,151,4.8973051889333874e-05,2.1654455849784423e-05,0.0215383999485234,0.0414546777546764,0.0028175759273406,0.0411854548849653
10,28,151,8.004175469977781e-05,3.672421735245735e-05,0.0401530843681484,0.0637483815567081,0.0084209404312583,0.0618423347121887
10,29,151,4.556889689411037e-05,2.088694236590527e-05,0.0204875216766299,0.0411557377441638,0.0032936267736252,0.0407591951971407
10,30,151,7.138917862903327e-05,3.297545845271088e-05,0.0399799298159356,0.0621262350118952,0.0116794716778106,0.0597699294654351
10,31,151,4.60175251646433e-05,2.1132625988684595e-05,0.0170771337847783,0.0372203759724643,0.0038999188627091,0.0358006427412243
10,32,151,9.042771853273734e-05,4.4555032218340784e-05,0.0319339031798721,0.0613699825866027,0.0024937451286965,0.0605990921593733
10,33,151,1.9936245735152625e-05,5.268023414828349e-06,0.0141215772087428,0.0240328344965632,0.0024840339577416,0.0225903950369666
10,34,151,4.130139495828189e-05,1.677632099017501e-05,0.0183317206080021,0.0343124346047017,0.00162697297817,0.0338548521057666
10,35,151,3.151049168081954e-05,9.444679562875535e-06,0.0042581244682454,0.0120471817338786,0.0003787021310319,0.0111679379471768
10,36,151,0.0001374004641547,7.752275269012898e-05,0.0670682348459314,0.0998612368440141,0.022841305082714,0.0966117224018761
10,37,151,5.344955570762977e-05,2.481530827935785e-05,0.0275059777237554,0.0458815574084291,0.0046981464646473,0.0447787379239931
10,38,151,7.275223470060155e-05,4.0252383769256994e-05,0.0349868643634497,0.0611577848287087,0.0035386189889395,0.0599390782589976
10,39,151,0.0001138896768679,5.235784192336723e-05,0.0339504736958114,0.0658693444185128,0.0038402575688442,0.0650853009133465
10,40,151,0.0001798672019504,0.0001048039703164,0.1162432610126201,0.134649036150457,0.05163482592552,0.1324898191671818
10,41,151,5.459876774693839e-05,2.5421111786272377e-05,0.0275137521649654,0.0488944050268792,0.0031393058012344,0.0477943075993049
10,42,151,0.0001110530865844,5.484571374836378e-05,0.0395069383658898,0.0744908773149273,0.0068921233752731,0.0733413622099524
10,43,151,8.13396109151654e-05,4.425383667694405e-05,0.0432768799067673,0.0675421792297972,0.0095519137600679,0.0657793094964698
10,44,151,0.0001432649005437,7.196401566034183e-05,0.0657956560003652,0.0947327026789256,0.025422081988171,0.0913400232748047
10,45,151,0.0001024325902108,5.537381366593763e-05,0.0504171171403962,0.0789053180298189,0.0159246842717406,0.0765861264171374
10,46,151,6.941179890418425e-05,3.512159310048446e-05,0.0157105199137771,0.0451355646959649,0.002092484974811,0.0419122452307364
10,47,151,0.0001177099256892,6.186054815771058e-05,0.0604881421667952,0.0866078473490249,0.0242781582826796,0.0833464365889538
10,48,151,0.0001182456107926,5.5250860896194354e-05,0.0328429604196638,0.0635516618122153,0.0039635496177584,0.0619867293186813
10,49,151,6.31526272627525e-05,3.166809983667917e-05,0.0262320105851159,0.0496575129747186,0.0024949095047497,0.0492939577359512
16,0,337,1.826027255447116e-05,9.88791634881636e-06,0.0091972908050111,0.0164511036840299,0.0020694210529579,0.0149253393337488
16,1,337,7.757092680549249e-05,4.360024831839837e-05,0.031746788610015,0.0619175148163837,0.0035750590043382,0.0613359716589799
16,2,337,6.179372576298192e-05,3.413938247831538e-05,0.0276335079224489,0.054076711682757,0.0039024150246603,0.0532617945003103
16,3,337,1.7278791347052902e-05,1.0612930964271072e-05,0.0091655163160545,0.0140928081296128,0.0026750279823964,0.0126008837783576
16,4,337,1.7008271242957562e-05,8.379246537515428e-06,0.0082997121917544,0.01946031704511,0.0027154168247802,0.0168327130103859
16,5,337,1.0039070730272217e-05,6.264363037189469e-06,0.0092364704134657,0.0137924412053409,0.0014030226083403,0.0122196940421235
16,6,337,1.808021261240356e-05,9.331918590760324e-06,0.0092017172458433,0.021312078280805,0.0029403051904501,0.0187062120806377
16,7,337,1.2935941413161345e-05,3.3404444366169628e-06,0.0013678550154679,0.0048468917353231,0.000329248067036,0.0033082994201187
16,8,337,3.868444400723092e-05,2.1270625438774005e-05,0.0144816959330518,0.0379532803340305,0.0028607306044264,0.0354320606560355
16,9,337,3.319292954984121e-05,1.5426699974341318e-05,0.0149485252845634,0.0331159818157571,0.0032217547052116,0.0318368808104914
16,10,337,8.255447028204799e-05,4.692046059062704e-05,0.0408348406904238,0.070005897866003,0.0045363729105517,0.0681698686970744
16,11,337,1.1502440429467242e-05,5.490463536261814e-06,0.0051448354784112,0.0080045520323134,0.002123930012735,0.0069987227281254
16,12,337,6.738577940268442e-05,3.789769471040927e-05,0.0212709893729934,0.0524800139791443,0.0037812135906443,0.0496350768352979
16,13,337,5.215505552769173e-06,1.8043235741060928e-06,0.0027898412563,0.0084140480222138,0.0006575087923618,0.0073096480218918
16,14,337,1.5713711036369205e-05,2.63418110080238e-06,0.0026195941047767,0.0079789350850661,0.0004055490546011,0.0061133019484884
16,15,337,5.309897824190557e-05,2.8236929210834205e-05,0.0240910429586796,0.0473822648210224,0.0034720682385029,0.046779460635409
16,16,337,7.694202395214234e-06,4.264402832632186e-06,0.0065027464638419,0.0109725566984707,0.001607004825318,0.009861109649135
16,17,337,8.153304406732786e-06,1.8824205199052813e-06,0.0029064376805253,0.0079837434036906,0.0002424760094388,0.006999984522486
16,18,337,2.5884506612783295e-05,1.464650449634064e-05,0.0096974771637587,0.0269768233097302,0.0017658893964364,0.0241201561530869
16,19,337,5.053035420132801e-05,2.332172152819112e-05,0.0198117230159093,0.0446664215788036,0.0032847427116274,0.0436913059690255
16,20,337,9.55823270487599e-06,4.629805516742636e-06,0.0047702077979632,0.0098273560515908,0.0015667200526838,0.008873348116566
16,21,337,6.734284397680312e-05,3.463359098532237e-05,0.0249786089256231,0.0509122035205491,0.0034117124569709,0.0495062336670906
16,22,337,3.3253130823140964e-05,1.667131800786592e-05,0.0124993202655345,0.032786381613327,0.0016012381250096,0.0304329110470807
16,23,337,6.896685954416171e-05,3.668686986202374e-05,0.0189391172138552,0.0495089904570174,0.0026064274095951,0.0464915581026112
16,24,337,1.4072503290663008e-05,5.923270236962708e-06,0.0057081205149936,0.008890907822942,0.0023627155654561,0.0078662335000178
16,25,337,1.343800249742344e-05,5.3066801228851546e-06,0.0059277769405408,0.0172856043687559,0.0012042918345037,0.0156086235359393
16,26,337,1.0942831067950465e-05,5.21437050338136e-06,0.0052324788937578,0.0081607038123206,0.0019540706468307,0.0071562899213647
16,27,337,2.88315859506838e-05,1.505924592493102e-05,0.0118025010534426,0.026374704957148,0.0024500780696523,0.0230696397473808
16,28,337,2.3380760467262007e-05,7.756289051030762e-06,0.0108750424232979,0.0230493510821011,0.0017967847637171,0.0219345985777783
16,29,337,6.147715612314641e-05,3.477591963019222e-05,0.0263849112828494,0.0539535955994801,0.0049565284074337,0.0528663743290448
16,30,337,3.827287946478464e-05,1.8553941117716025e-05,0.0176830447344034,0.0373682703806397,0.0039630732120634,0.0364507799044864
16,31,337,1.1397562957427e-05,8.491912012686953e-06,0.0102388169304835,0.0145245950679503,0.0031362460021974,0.0133696064971004
16,32,337,2.2263106075115505e-05,1.1526562957442366e-05,0.0093085102397043,0.0213918634220575,0.0015831762767971,0.0185969465229837
16,33,337,2.198084257543087e-05,1.2120033716200853e-05,0.0099723326627638,0.0188746584320342,0.0015515274570543,0.0169693373269586
16,34,337,1.4390520846063737e-05,4.031381649838295e-06,0.0096413875567174,0.0176002128989493,9.759454552343304e-05,0.0168361220224249
16,35,337,4.0127841202775016e-05,2.1056426703580652e-05,0.0213412623321263,0.0425903351209291,0.0037036902577214,0.0422948599209017
16,36,337,2.6034143957076598e-05,1.226424501510337e-05,0.0115448231522832,0.0289806141590922,0.0018835315347428,0.0270137473602175
16,37,337,7.210575859062374e-05,4.049731069244445e-05,0.0432694484147964,0.0672549194174713,0.0093310909443537,0.0654897988842666
16,38,337,1.2714382137346549e-05,5.752766810473986e-06,0.0054219897403593,0.0117349423619265,0.0003446536586032,0.0101742715417671
16,39,337,9.987855264625978e-06,5.950516879238421e-06,0.0072037092049445,0.0112435896340148,0.0014693995424886,0.0099872651448019
16,40,337,1.5560219253529795e-05,5.63559160582372e-06,0.0131150011414207,0.022862461098018,0.0005063752474618,0.0220245685210059
16,41,337,1.6267969840555452e-05,7.716163963777944e-06,0.0072209098747706,0.0215757584427491,0.0012269371896167,0.0195509392888983
16,42,337,2.8579710487974808e-05,1.6244450307567604e-05,0.0130034236543954,0.0193706726066723,0.0026186032813429,0.0184033518242546
16,43,337,7.759776781313121e-05,4.326847192714922e-05,0.0367472893949451,0.0654364836755853,0.0036992627267876,0.0642017154728609
16,44,337,3.887537241098471e-05,1.9620309103629552e-05,0.0260385519453629,0.0439801137971341,0.0033865521464667,0.042600986979787
16,45,337,6.119427416706458e-05,3.4178872738266364e-05,0.0382168670276011,0.0597549893958183,0.0081641254816632,0.0580504237298149
16,46,337,2.2328073100652546e-05,1.0521916010475252e-05,0.0105967629499046,0.0267311434540442,0.0016888628025492,0.0250617777310898
16,47,337,2.322566433576867e-05,9.780343134480065e-06,0.006120196166535,0.011535693243283,0.0025705006796759,0.0101248788650432
16,48,337,9.650394531490749e-06,3.552356702130055e-06,0.0032882383931869,0.0066402667175067,0.0013027116885856,0.0054752412085326
16,49,337,5.788040652987547e-06,2.2804431409895187e-06,0.0034254981229637,0.0084611569318355,0.000547104976933,0.0071613305240376
24,0,697,3.267625061198487e-06,1.1109516435681144e-06,0.0033841097547005,0.0084425890483529,0.0003755405390144,0.0072978204758327
24,1,697,1.5220209206745494e-05,1.015666566672735e-05,0.0109866663812194,0.0159594952906911,0.0024440038907245,0.0148989343791724
24,2,697,1.6213052731473e-05,9.555945325701032e-06,0.0100250731355606,0.0209866132838666,0.0014216607722217,0.0181886142615474
24,3,697,6.782587661291473e-06,5.023033736506477e-06,0.0084573378500613,0.0119736617865396,0.0011345205805274,0.0108065994557271
24,4,697,3.0538828923454275e-06,1.415453652953147e-06,0.0034746026920361,0.0081772061547357,0.0006610259777075,0.0069438488956002
24,5,697,3.51898916051141e-06,2.081158527289517e-06,0.0036649088121378,0.0071253323218485,0.000835468942435,0.0061410931794164
24,6,697,4.093439201824367e-06,2.437550392642152e-06,0.0035624909608333,0.007274280031768,0.000906569120694,0.006430832004324
24,7,697,8.374080607609358e-06,3.3694764169922564e-06,0.0077179309165685,0.0169860857592167,0.0020492580358227,0.0161426577172813
24,8,697,1.6241327102761716e-05,8.648574294056743e-06,0.0082695783177896,0.0235909819190589,0.0014407692138383,0.0215752611182549
24,9,697,4.484597866394324e-06,2.042588675976731e-06,0.0034676043009511,0.0080169061300852,0.0004348608285787,0.006807988309371
24,10,697,6.2269946283777244e-06,3.313802835691604e-06,0.0057015149725756,0.0085515543964718,0.0011936814037743,0.0074915986119134
24,11,697,4.05415585191804e-06,2.4116218355629826e-06,0.0034160374552785,0.0068544050223576,0.0010792284646842,0.0059882819293991
24,12,697,5.914621851843549e-06,2.2610940959566506e-06,0.0031009332467729,0.0056144328218427,0.000463965184401,0.004851497653963
24,13,697,7.8545972428401e-06,3.931728315365035e-06,0.0052426605480856,0.0093183607055357,0.0008352490812245,0.0079775936195666
24,14,697,6.595119884877931e-06,3.1253264296537964e-06,0.0026079024753238,0.0080232917782084,0.0005064296852066,0.0064660475052591
24,15,697,9.590834451955745e-06,6.870595370855881e-06,0.0105275177486705,0.0143120473984405,0.0030085616471105,0.0133219349923009
24,16,697,3.628447075243457e-06,1.9011856693396112e-06,0.0030674478721974,0.0062114401566725,0.0009383338495166,0.0053020373157681
24,17,697,2.942826313301339e-06,1.7315995819444652e-06,0.0029092328269024,0.0059597989669596,0.0009105716505794,0.0050526063073283
24,18,697,6.909610419825185e-06,4.2942838263115846e-06,0.0051894215725896,0.0110382983281072,0.0006967899711404,0.0098634711598052
24,19,697,7.652995009266306e-06,5.330196472641546e-06,0.0091966585258609,0.0134011175293686,0.0016405981632039,0.0117607161976193
24,20,697,5.854694336449029e-06,3.15140596285346e-06,0.0053693281930178,0.01091730682901,0.0003786975938249,0.0091717496709609
24,21,697,4.816847285837866e-05,2.6684383556130346e-05,0.0247142362541033,0.0490655330854798,0.0040251104212742,0.0487019830066542
24,22,697,4.787018042406999e-06,2.6841694307222497e-06,0.0040606342831501,0.0078120454586108,0.0011539150640595,0.0068662796108311
24,23,697,5.521429102373077e-06,3.3017283840308664e-06,0.0045852178947802,0.0086129996006895,0.0012064319624823,0.0077869766173157
24,24,697,6.9186407927190885e-06,3.905618086719187e-06,0.0048859087241458,0.0090815961776329,0.0014334152002975,0.008271001055992
24,25,697,5.193730885366676e-06,3.4438098737155087e-06,0.0051737629791501,0.0092036745570524,0.0011123346593264,0.0079053822043468
24,26,697,5.372616669774288e-06,3.893444500135956e-06,0.0063906321175713,0.0107884168929806,0.0016815576241953,0.00988453919153
24,27,697,1.6687894458300434e-05,9.869230780168436e-06,0.0097470998435554,0.024190748880283,0.001769763038006,0.0218334538913053
24,28,697,3.933378138754051e-06,2.264328941237181e-06,0.0034041508791918,0.0064224528871841,0.0003980596403033,0.0055073739365502
24,29,697,3.32313993567368e-06,1.6837980183481704e-06,0.002172593583838,0.0051843694561605,0.0005717269292883,0.0043043594032165
24,30,697,5.710880486731185e-06,3.702003368744045e-06,0.0067996320498867,0.011332185921977,0.0017708795766252,0.0104372866640625
24,31,697,6.038128503860207e-06,4.121608071727678e-06,0.0064040523947703,0.0103251248294179,0.0007300671362577,0.0091621775656191
24,32,697,4.358832029538462e-06,2.109393335558707e-06,0.0043394951526523,0.0070509709744183,0.0007115180673781,0.0065068666170163
24,33,697,1.0956721780530644e-05,7.548766461695777e-06,0.0085049988141813,0.0132060008553619,0.0016707339048442,0.0121029412942096
24,34,697,4.160697699262528e-06,1.6686343542460236e-06,0.0032194988077699,0.0063777431061422,0.0002542117622039,0.0052701864275706
24,35,697,3.6813632959820097e-06,2.398127890046453e-06,0.0049212036521398,0.0079877478397896,0.0008227162559929,0.0068321269454386
24,36,697,5.8348578022560105e-06,3.1372499051940395e-06,0.0050332443722781,0.0112473935262039,0.0007367885641511,0.0094270853645377
24,37,697,3.325062834846904e-06,2.0310887975938385e-06,0.0041486744446615,0.0072252866637145,0.0014039740420203,0.005957937609947
24,38,697,2.5252506929973606e-06,1.153370362771966e-06,0.0014313506295891,0.0041071611167207,0.0003202738049352,0.0031234326420253
24,39,697,4.19602838519495e-06,3.0414901175390696e-06,0.0053475008035344,0.0087246463406793,0.0009071391752494,0.0075007018764258
24,40,697,7.867703061492648e-06,5.1773286031675525e-06,0.0063376294988762,0.0110968082092136,0.0020756505153101,0.0096297474390051
24,41,697,4.956416887580417e-06,2.420181772322394e-06,0.0033650523986923,0.0077717938516236,0.0002395133508407,0.0065309110649435
24,42,697,5.050888375990326e-06,1.8574612568045268e-06,0.0036716334677715,0.0097674764549234,0.001169003458441,0.0085561072895826
24,43,697,5.852334652445279e-06,3.831466074188938e-06,0.0055901366776641,0.0099137186518298,0.0020478201639586,0.0082357801177099
24,44,697,2.657648337844876e-06,1.2326390788075514e-06,0.0012716268219753,0.0041047639304504,0.0003841942053119,0.003210998280047
24,45,697,7.267221917572897e-06,5.233187948761042e-06,0.0083111535615074,0.0130765152846502,0.0018955068104311,0.0119097297198115
24,46,697,6.615772690565791e-06,4.641726263798773e-06,0.0072280793633592,0.0116321132909501,0.0017517698576028,0.0105933214633754
24,47,697,4.8221572797046974e-06,3.525642796375905e-06,0.0062830733732712,0.0100608625825709,0.0014179718095358,0.0090779383497532
24,48,697,5.354880158847664e-06,3.929845661332365e-06,0.0082000871435938,0.011889072341815,0.001056063149914,0.0107202069783052
24,49,697,5.794714525109157e-06,4.235746928316075e-06,0.0068040255870571,0.0111968286294546,0.00166491977114,0.0101100637727366
32,0,1185,7.498943432437954e-06,5.302980298438342e-06,0.0079294394089697,0.0129984490829388,0.0018380686064528,0.0120784333365957
32,1,1185,6.13738302490674e-06,4.360319508123212e-06,0.0076915047510809,0.0121651047880118,0.0019517050218364,0.011119575770315
32,2,1185,5.064403467258671e-06,3.697439296956873e-06,0.0062279565333386,0.0110673703412474,0.0011670550184001,0.0096247348006887
32,3,1185,4.201801857561804e-06,3.284816330051399e-06,0.0066120881117922,0.0108581872312949,0.0016548976365644,0.0097430816254583
32,4,1185,3.3637688829912804e-06,2.4829098492773483e-06,0.0053291795222016,0.0088095344010963,0.0012611572501999,0.0078678180661789
32,5,1185,2.407756483080448e-06,1.73482624177268e-06,0.0043631678704478,0.0069621134838138,0.0008225225640318,0.005931927970179
32,6,1185,5.545388376049232e-06,3.898052000295138e-06,0.005903874087759,0.0107446415670318,0.0010819499523903,0.0092831163199218
32,7,1185,4.506561253947439e-06,3.1014499199955026e-06,0.0053637015411573,0.0094679355103653,0.0011227485392145,0.0080237065304494
32,8,1185,4.037746293761302e-06,2.9868406272726133e-06,0.0054443039146153,0.0090812416535561,0.0011478704003322,0.0081015901666917
32,9,1185,3.499633521641954e-06,2.0043153199367225e-06,0.004607053329425,0.0078836065648219,0.0006209745665861,0.00699279949813
32,10,1185,5.353841061150888e-06,3.5633113384392345e-06,0.005014999076075,0.0102942262382237,0.0005526293754433,0.0092863984777053
32,11,1185,4.083611202077009e-06,2.971023150166729e-06,0.0057454081575377,0.0098463755161067,0.0016505985388136,0.0087615521992094
32,12,1185,2.3817401597625576e-06,1.1894617273355834e-06,0.0018855914257981,0.0038650186219234,8.519023085656237e-05,0.0034500285583683
32,13,1185,6.078623300709296e-06,4.365279892226681e-06,0.0071207586938197,0.0120582512312642,0.0016257159087291,0.0111382385445159
32,14,1185,2.11497626878554e-06,1.6495318959641736e-06,0.0037953458781122,0.0070310998222349,0.0010536440443569,0.0061293715325257
32,15,1185,2.6421437269164016e-06,1.6500861192980665e-06,0.003712666675883,0.0060641565320884,0.0007002659974664,0.0051206304278142
32,16,1185,3.2601951716060285e-06,2.2415808871301124e-06,0.0039806418731214,0.0074681571041144,0.0007862462317613,0.0065505929449485
32,17,1185,3.68933251593262e-06,2.616014626255492e-06,0.0051495881645803,0.0088235735545376,0.0011405924390665,0.0078588955946544
32,18,1185,2.132921736119897e-06,1.5907279475868563e-06,0.0034163900999744,0.0068609991701861,0.0008356329117132,0.0058884120876001
32,19,1185,1.540042603664915e-06,5.117070145388425e-07,0.0021346566022281,0.0057294077510053,0.0004650579078736,0.0048129051691043
32,20,1185,2.074694293696666e-06,1.5684107665947522e-06,0.0038091390978668,0.0065408639288354,0.0004373259330607,0.0056342414529926
32,21,1185,3.4767826946335845e-06,2.315357505722204e-06,0.0050137331363415,0.0083947790534464,0.0021056567398069,0.0067424739948963
32,22,1185,3.270357183282613e-06,1.8799510144162923e-06,0.0032895123131321,0.0063765065668307,0.0007317862814651,0.0054366434199936
32,23,1185,4.561160949378973e-06,3.3751014143490465e-06,0.0062222485197058,0.0102022467843989,0.0017032201245306,0.0092200480695937
32,24,1185,2.470233312124037e-06,1.903603106256924e-06,0.0046536146083102,0.0073532203984157,0.0004916255939329,0.0065431462011539
32,25,1185,2.2987633201410063e-06,1.724526896396128e-06,0.0042001587747062,0.0068924959854365,0.0009063910641656,0.005862572905398
32,26,1185,3.3814133075793507e-06,2.5837016437435523e-06,0.0057368022705934,0.0094247754839757,0.0011775497571951,0.00844599866746
32,27,1185,4.638924110622611e-06,3.837787971860962e-06,0.0071507458242012,0.0110762195385272,0.0014982198254081,0.0097758401013545
32,28,1185,3.2403891054855194e-06,2.2892347715242067e-06,0.0043572498308473,0.0080842490447781,0.0006706363868617,0.0072183481269654
32,29,1185,5.970561232970795e-06,4.367971996543929e-06,0.0080842340866337,0.01234591206718,0.001668059612775,0.0111870663222643
32,30,1185,4.476719368540216e-06,3.154889782308601e-06,0.0058051847624927,0.0098264512629905,0.0013248795890794,0.0088879216296451
32,31,1185,5.33152706339024e-06,3.758903858397389e-06,0.0061687473042731,0.0105578344334297,0.0010703336136327,0.009786989788289
32,32,1185,4.867419193033129e-06,3.590394499042304e-06,0.0074726213102752,0.0103356289634729,0.0013873768992946,0.0095078443185307
32,33,1185,3.31196724800975e-06,2.591645625216188e-06,0.0048639207276719,0.0086019960065374,0.000837961141844,0.0075513043583646
32,34,1185,3.4042736842820887e-06,2.4563298666180344e-06,0.0044728506869951,0.0082623426405178,0.0011011580790689,0.0068242360036848
32,35,1185,2.526620846765581e-06,1.4981571894168155e-06,0.0028571718366567,0.0061615122524753,0.0016552889490467,0.0046815761858388
32,36,1185,3.4681352190091275e-06,2.584389449111768e-06,0.0049505086913123,0.0087312554849388,0.001053193111284,0.0077128139433082
32,37,1185,2.7716614567907527e-06,1.3413396118266974e-06,0.0030481029301341,0.008503563058741,0.0007845490440702,0.007455300068923
32,38,1185,8.258597290478065e-07,5.61089905204426e-07,0.0014357679736414,0.0037308825630383,4.653903707479558e-05,0.002949225185854
32,39,1185,5.264300398266641e-06,4.11569908465026e-06,0.0073095665517774,0.0116364384846871,0.0017226539379636,0.0104069965551505
32,40,1185,5.5514533414680045e-06,4.111062935407972e-06,0.0072759309586656,0.0116944386236516,0.001800698393087,0.0106058004989665
32,41,1185,2.692991984076798e-06,1.8510207837607595e-06,0.0037595691075346,0.0065155824981284,0.0007283551593773,0.0052584760793618
32,42,1185,6.053711786080385e-06,3.683747081595357e-06,0.0062210396684736,0.0109936865069163,0.0010907156962465,0.0094862926016553
32,43,1185,3.596785063564312e-06,2.8348392788757337e-06,0.0058220789834601,0.0095493552445633,0.0011704020631389,0.0085835567006753
32,44,1185,5.241895451035816e-06,3.690613084472716e-06,0.006178922545255,0.0103894354969495,0.0016825978000928,0.0094793873121752
32,45,1185,6.7005994424107485e-06,5.065527147962712e-06,0.0085509854776858,0.0131326718984154,0.001925870455594,0.0120563896061764
32,46,1185,3.193785914845648e-06,2.4868588752724463e-06,0.0048728431316959,0.0085876023290193,0.0005390300906488,0.0075517279120026
32,47,1185,9.851326467469336e-06,6.521291197714163e-06,0.0089046458782524,0.0145793056593052,0.0015414063957426,0.0138182541247772
32,48,1185,4.156578597758198e-06,3.326139903947478e-06,0.0073677360315453,0.0112637627751546,0.0012696632901052,0.0099913495161176
32,49,1185,2.8136230412201257e-06,2.1303712856024504e-06,0.0047025138113872,0.0083108608346689,0.0014211729920622,0.0072848130144716
64,0,4417,3.2347379601560533e-06,2.581547960289754e-06,0.0054719903542186,0.0093427386126041,0.0014479872180068,0.0083779545607031
64,1,4417,2.8608437787625007e-06,2.252153990411898e-06,0.0057274677655371,0.0093853524066355,0.0009825151798933,0.0083101239380517
64,2,4417,2.331994437554385e-06,1.8708443576542777e-06,0.0047553538007588,0.008243146736,0.0007436412660473,0.0072199485674637
64,3,4417,3.7134784633963136e-06,2.9251532396301627e-06,0.0062274256537133,0.0101225497719342,0.0017455488360818,0.0089948441569351
64,4,4417,2.714855554586393e-06,2.192430656577926e-06,0.0050271885033657,0.0087573484569913,0.0013245436211835,0.00779036599836
64,5,4417,1.4827483028057031e-06,1.1328601203786093e-06,0.002770184872037,0.005763747152489,0.0006619800501633,0.0048825841658587
64,6,4417,3.047081463591894e-06,2.3858713120716857e-06,0.0053002137784451,0.0090869849436003,0.0010292887671689,0.0079722440722474
64,7,4417,2.627195499371737e-06,2.1170305899431696e-06,0.0045086852765581,0.00826775070693,0.0008589375998151,0.0072041852997072
64,8,4417,1.9562880879675504e-06,1.5706568774476182e-06,0.0037943490892352,0.0069638111524582,0.0010064215570197,0.0060580128998225
64,9,4417,1.8951909623865504e-06,1.5737531384729664e-06,0.0046533465208465,0.0074275714630011,0.0003027727140303,0.0066648613313376
64,10,4417,1.70230521234771e-06,1.3259390243547386e-06,0.0035059244467315,0.0068132802294488,0.0009696265101033,0.0058584369565437
64,11,4417,1.413366021552065e-06,1.1981962870777352e-06,0.0030770592565514,0.0062449781343378,0.0004648253621599,0.0053759713346051
64,12,4417,2.459612687744084e-06,1.959766223080805e-06,0.0046141261354691,0.0082672543732225,0.0006948107056586,0.0072148561906672
64,13,4417,3.123623628198402e-06,2.374595396759105e-06,0.0049496823686304,0.0086049740087825,0.0007399868564413,0.0075438474257161
64,14,4417,2.903112317653722e-06,2.264035401822184e-06,0.0047956858688218,0.0085908639505258,0.0009479916794307,0.0075069550764715
64,15,4417,3.284768581579556e-06,2.52270092460094e-06,0.0053549324999593,0.0091018749548259,0.0014936550659166,0.0080978265185601
64,16,4417,4.288646323402645e-06,3.141201432299568e-06,0.0062627726566921,0.0103117238193148,0.0013569644376854,0.009261096895764
64,17,4417,2.831414803949883e-06,2.217371729784645e-06,0.0051711445165828,0.008713387471468,0.0013226371558933,0.0077229691645104
64,18,4417,3.1552826840197667e-06,2.391142515989486e-06,0.004924254224335,0.0086280889785899,0.0014589875449249,0.0075592763571001
64,19,4417,1.988692702070693e-06,1.6528971400475712e-06,0.0039203953952744,0.0073465553457719,0.0006488691339724,0.0063457947984297
64,20,4417,2.209045533163589e-06,1.762336864885583e-06,0.0042012457231795,0.0074989297939807,0.0011929713971291,0.0065736975527021
64,21,4417,2.6766508653963683e-06,2.121632405760465e-06,0.0048252862180264,0.0084319662593039,0.0013584741481442,0.0074880676382355
64,22,4417,2.800482889142586e-06,2.287911229359452e-06,0.0057219431508869,0.0090389114787861,0.0003847166615049,0.0081247325590775
64,23,4417,2.64891946244461e-06,2.121367515428574e-06,0.0049444660025559,0.0084404039323318,0.0012462343774077,0.007440471418134
64,24,4417,3.120551809843164e-06,2.3806951503502205e-06,0.0056669381875447,0.0094110908546112,0.0010452091118817,0.0083165065474585
64,25,4417,2.5152426132990517e-06,2.0757727270392934e-06,0.0047101434918992,0.0083352520911528,0.001047026950294,0.007276744366923
64,26,4417,2.421152885290212e-06,1.9465105651761405e-06,0.0046480517934398,0.0083219219858651,0.0008157553378041,0.0072829217553513
64,27,4417,1.9315589270263445e-06,1.5688452776885242e-06,0.0037498851622731,0.0072363692627023,0.0008369208071635,0.0062355310369023
64,28,4417,1.8265412791151905e-06,1.4277445643529063e-06,0.0037452672596563,0.0066566514923184,0.0004361864785788,0.0057285944460383
64,29,4417,1.1283400453976355e-06,9.02426165794168e-07,0.0027786779095281,0.0055406806033662,0.0002904250890772,0.004708171996048
64,30,4417,3.161314452881925e-06,2.4396622393396683e-06,0.005471598589381,0.0091846208743511,0.0015954210929361,0.0081412365088697
64,31,4417,2.1539508452406157e-06,1.6646906715322984e-06,0.0038948923631135,0.0072476431283446,0.0009873428213078,0.0063337298944975
64,32,4417,1.7094212125812192e-06,1.3739320365857566e-06,0.0033583514798372,0.0066747322202352,0.0007875229936435,0.0057352317021708
64,33,4417,2.468867933203001e-06,2.031581061601173e-06,0.004788565160119,0.0084520323220508,0.0008123746952649,0.0073896051356329
64,34,4417,1.702268036751775e-06,1.4018762612977298e-06,0.0034266453091286,0.0068536250693887,0.0006042735819066,0.0059309412666037
64,35,4417,1.7884901808429277e-06,1.4216943782230371e-06,0.0045455753604661,0.0069584422485478,0.0006237403644075,0.0060557395879479
64,36,4417,2.785614924505353e-06,2.317096232218318e-06,0.0054252593404832,0.0090876939917539,0.00123345343779,0.007993023649099
64,37,4417,1.4670657719761948e-06,1.2273720813027469e-06,0.0037211393879293,0.0065136364797371,0.0005283613671871,0.0056873821935887
64,38,4417,1.9437859464233043e-06,1.5856534218983145e-06,0.0040217994783935,0.0072164450095862,0.0005600516958505,0.0062373761979381
64,39,4417,3.7385950690804744e-06,2.850624923667056e-06,0.0058231081558155,0.0099054392273016,0.0015219933226615,0.0088903882982224
64,40,4417,2.063356077997014e-06,1.6923074781516334e-06,0.004022935773812,0.0073199660400119,0.0010518122504456,0.0064025912634933
64,41,4417,2.512768560336553e-06,2.0147413124504965e-06,0.0045768255713565,0.0080817673762405,0.0010814922499254,0.0070866631733668
64,42,4417,3.1006500194052933e-06,2.445166273901122e-06,0.0051778135129836,0.0087137419955448,0.0011371770856417,0.0077227076532809
64,43,4417,2.656955075508449e-06,2.150615273421863e-06,0.0045859421011107,0.0083595724428213,0.0008921223436406,0.0072711089961299
64,44,4417,1.4196953088685405e-06,1.173669375020836e-06,0.0028844993035986,0.0060522588461891,0.0004568813422882,0.0052663657564754
64,45,4417,2.0749580471601803e-06,1.6217587699429714e-06,0.0037558678501201,0.0071654644473423,0.000852857137711,0.0061962042509464
64,46,4417,2.0128798041696427e-06,1.6193375813600142e-06,0.0040184707407136,0.0072701908596291,0.0010087588742991,0.0063544765867116
64,47,4417,2.0990128177800216e-06,1.76322669176443e-06,0.0040424422130932,0.0076505242892205,0.0008295802479809,0.0066330823698132
64,48,4417,5.179160780244274e-07,3.739450846751424e-07,0.0012021022248625,0.0033543090049215,0.0003663731112307,0.0027765370580081
64,49,4417,1.6324381704180269e-06,1.323558876720199e-06,0.0047110973873004,0.0075833000879866,0.0008151311663559,0.0064744975620061
128,0,17025,9.56556277742493e-07,7.609861540913698e-07,0.0022825345648757,0.0046109057595495,0.0001409214364826,0.0039042555717368
128,1,17025,1.6137247484948605e-06,1.3334218920135754e-06,0.0034335004543764,0.0065198761034888,0.0008596767430959,0.0056085865995141
128,2,17025,1.1961990367126418e-06,9.83432641987747e-07,0.0026947712821588,0.0050232172608684,0.0004506251579307,0.0042505557909871
128,3,17025,1.891959300337476e-06,1.5645784969819942e-06,0.0041786976664846,0.0071433421449499,0.0003479928784993,0.0062681242094083
128,4,17025,1.372560518575483e-06,1.1487696838230477e-06,0.0028714423681803,0.0058239453407297,0.000645168703542,0.0049079401219063
128,5,17025,6.119304316598573e-07,5.133816216584819e-07,0.0012001789236581,0.0033798036942686,0.0001977805766241,0.0027634856623347
128,6,17025,1.278544118576974e-06,1.0609318223941957e-06,0.0029577440884647,0.0053998636400611,0.0005165373321723,0.0045342360731874
128,7,17025,1.484975541643507e-06,1.2298987712711096e-06,0.0031245265856055,0.0055089152460849,0.0004654513327724,0.0046681093915529
128,8,17025,1.6868020793481264e-06,1.4165801758281305e-06,0.0034655966990217,0.0068931190515442,0.0008075502186351,0.0059421592989693
128,9,17025,1.3662836408911971e-06,1.1565637123567285e-06,0.0029054263849889,0.005879747430418,0.0004769049103405,0.0050427703520498
128,10,17025,1.021201001094596e-06,8.588164632783446e-07,0.0021279757268545,0.0042497504806312,0.0003455532546254,0.0034784622104433
128,11,17025,1.1540815876287525e-06,9.849132993622334e-07,0.0027169853781192,0.0048239747297065,0.000523651169088,0.0040510300039968
128,12,17025,1.2177105190858128e-06,1.0247141517538694e-06,0.0031273256559826,0.0056425708230386,0.0005484077281999,0.0048084236855819
128,13,17025,1.464109800508595e-06,1.2033508483000332e-06,0.0032830174504874,0.0059379602838287,0.0004824581919398,0.0050836104984065
128,14,17025,8.74923671290162e-07,7.592460633532028e-07,0.0014764449606868,0.0037250209964408,0.0002814464749077,0.0031471547546971
128,15,17025,1.480911919315986e-06,1.2637319741770623e-06,0.0033068772347507,0.0065921990151561,0.0004851693813778,0.0056653492863124
128,16,17025,8.438343570560392e-07,7.398973593808478e-07,0.0015786392701185,0.0037258718542251,0.0002517917539453,0.0030955927924812
128,17,17025,1.6084516119008183e-06,1.2942009561811574e-06,0.0030341596432383,0.006025456825983,0.0006242746989029,0.0051268237216614
128,18,17025,1.620050284145691e-06,1.3333653896552278e-06,0.0029943136347326,0.0062505087099359,0.0006008448348457,0.0053847053536953
128,19,17025,1.0746248335635755e-06,9.27598307498556e-07,0.0027107888145092,0.0049735129853009,0.0005452784707223,0.004181771974442
128,20,17025,1.1254369383095764e-06,9.662276170274708e-07,0.0027729938951806,0.0053613623253205,0.0003209282028048,0.0046329876111245
128,21,17025,1.26327154248429e-06,1.058305315382313e-06,0.0030096390226194,0.0054148954609174,0.0005349778373373,0.0046162563089151
128,22,17025,1.4879177570037427e-06,1.2556427009258186e-06,0.0031776590772797098,0.006464286728246546,0.0005106876674474466,0.005564205740742407
128,23,17025,2.2273659396887524e-06,1.8269776091983658e-06,0.00600178394201406,0.00938832409376403,0.0009218988214267588,0.00828522998472572
128,24,17025,9.181788414025505e-07,7.816407219252142e-07,0.0024462295475445256,0.004589492505310827,0.0004403201612157627,0.0038511127320274025
128,25,17025,1.2891807728010463e-06,1.0979094895446906e-06,0.00287921468708598,0.005832028489680765,0.0004388297810400585,0.005001863173139457
128,26,17025,1.0508671266507008e-06,8.688467119100096e-07,0.0016433872027413901,0.0037715345553170124,0.00023290805807150327,0.003188071003965605
128,27,17025,1.3200052535466966e-06,1.1054934248022619e-06,0.0029850571547796138,0.0052852105536238736,0.0005308132923241473,0.004505810649466573
128,28,17025,1.611009111002204e-06,1.3280895245770807e-06,0.0033106292479619034,0.006443866141422844,0.0007773331830789063,0.005547487683237837
128,29,17025,1.5440110701092635e-06,1.2204444601593423e-06,0.0030094276379589394,0.0058815909556174575,0.0005822648350309934,0.0049791845843052155
128,30,17025,1.5037950333862682e-06,1.208054300150252e-06,0.002954467626226846,0.005842238783092616,0.0005377117110829562,0.004972898737623077
128,31,17025,1.0736177955550374e-06,8.939716735767433e-07,0.0022665291385384812,0.004404430937221033,0.000350525208712029,0.0036949448950973278
128,32,17025,1.4406963373403414e-06,1.217748831550125e-06,0.0031694824096389087,0.0060158137710940775,0.0005525180623222836,0.005133003537581685
128,33,17025,1.7159732124127913e-06,1.4397479617400677e-06,0.003660350555550604,0.006885319521854666,0.0005505454389832763,0.005936056204169643
128,34,17025,1.4201049225448514e-06,1.1647332485154038e-06,0.0029516139333099875,0.005618321376185502,0.0005125432442491399,0.004777180199682889
128,35,17025,9.260144793188374e-07,7.948849543026881e-07,0.001876010474471446,0.004054563138989604,0.00016568517727393105,0.003223533688068857
128,36,17025,1.013861947285477e-06,8.813409522190341e-07,0.0026879901370761394,0.004913952940398526,0.0005258208838579832,0.004139116235535299
128,37,17025,1.602583381554723e-07,1.094936692425108e-07,0.001250370879076333,0.003515768146700516,0.00015374138662284273,0.0028429472135005985
128,38,17025,9.384941108692146e-07,8.102232982309943e-07,0.0027239355639127093,0.005024918976437042,0.00029413792888919075,0.0042741708946396895
128,39,17025,4.298576072869764e-07,3.187054176123638e-07,0.0010204452748598383,0.0027304307519900903,9.720751050567836e-05,0.0020223800640304618
128,40,17025,1.694598267931724e-06,1.4001016097608954e-06,0.0036025337764101595,0.006742871747796277,0.0009281729385992049,0.005835116421634005
128,41,17025,4.64855048676327e-07,3.372283288172184e-07,0.0009890941226965136,0.003047488916858501,0.00036770012908706357,0.0026483684369684886
128,42,17025,1.1012563163603772e-06,8.945420972850116e-07,0.0025447372086625196,0.00495635401998385,0.00024133139788546206,0.004186666950475441
128,43,17025,1.4572804047929822e-06,1.2102777873224113e-06,0.0030021442868757887,0.0061893178542801785,0.0007174719840524762,0.005271797148332649
128,44,17025,1.4827445511400583e-06,1.2509533462434774e-06,0.003085973164717285,0.0062802178275717935,0.0005694140656189847,0.005353707927879959
128,45,17025,9.212142799697176e-07,7.945536140141485e-07,0.0014460208170452252,0.00374054915100466,0.0001957680502443753,0.003155524680907937
128,46,17025,1.1759894960050588e-06,9.849925390881253e-07,0.002820978213116012,0.005441413861862117,0.00036360761308394977,0.004700581437295555
128,47,17025,1.2283890100661665e-06,9.973010719477315e-07,0.0025059236054291788,0.004760656729590046,0.0003814342838985667,0.004049106811874902
128,48,17025,1.580520574862021e-06,1.3261435469757998e-06,0.003379193828065683,0.0067110354856996035,0.0005579986616683456,0.005773792338991062
128,49,17025,1.0252989568471094e-06,8.322448366016033e-07,0.0020948657891095416,0.004162574612027821,0.00025113086757156663,0.0034684130005186702
